split,characteristic,category,n,percent,mean,sd
train,n_cases,,2994,,,
train,n_windows,,80933,,,
train,age_years,,,,57.83,14.4
train,sex,F,1484,49.6,,
train,sex,M,1510,50.4,,
train,asa,1,712,23.8,,
train,asa,2,1824,60.9,,
train,asa,3,381,12.7,,
train,asa,4,12,0.4,,
train,asa,6,8,0.3,,
train,asa,unknown,57,1.9,,
train,surgery_type,Colorectal,463,15.5,,
train,surgery_type,Others,414,13.8,,
train,surgery_type,Minor resection,413,13.8,,
train,surgery_type,Biliary/Pancreas,351,11.7,,
train,surgery_type,Major resection,330,11.0,,
train,surgery_type,Breast,268,9.0,,
train,surgery_type,Transplantation,199,6.6,,
train,surgery_type,Thyroid,194,6.5,,
train,surgery_type,Hepatic,170,5.7,,
train,surgery_type,Vascular,130,4.3,,
train,surgery_type,Stomach,62,2.1,,
train,anesthesia_duration_h,,,,3.4,1.91
train,windows_per_case,,,,27.03,16.09
train,monitoring,ART,59668,73.7,,
train,monitoring,NIBP,21255,26.3,,
train,monitoring,NONE,10,0.0,,
train,result_real,increase_hypnotic,6452,8.0,,
train,result_real,reduce_hypnotic,9710,12.0,,
train,result_real,increase_opioid,19691,24.3,,
train,result_real,reduce_opioid,22470,27.8,,
train,result_real,no_action,22610,27.9,,
dev,n_cases,,25,,,
dev,n_windows,,423,,,
dev,age_years,,,,56.12,11.23
dev,sex,F,15,60.0,,
dev,sex,M,10,40.0,,
dev,asa,1,12,48.0,,
dev,asa,2,12,48.0,,
dev,asa,3,0,0.0,,
dev,asa,4,0,0.0,,
dev,asa,6,0,0.0,,
dev,asa,unknown,1,4.0,,
dev,surgery_type,Colorectal,2,8.0,,
dev,surgery_type,Others,3,12.0,,
dev,surgery_type,Minor resection,0,0.0,,
dev,surgery_type,Biliary/Pancreas,5,20.0,,
dev,surgery_type,Major resection,0,0.0,,
dev,surgery_type,Breast,2,8.0,,
dev,surgery_type,Transplantation,0,0.0,,
dev,surgery_type,Thyroid,9,36.0,,
dev,surgery_type,Hepatic,0,0.0,,
dev,surgery_type,Vascular,4,16.0,,
dev,surgery_type,Stomach,0,0.0,,
dev,anesthesia_duration_h,,,,2.06,0.7
dev,windows_per_case,,,,16.92,8.18
dev,monitoring,ART,46,10.9,,
dev,monitoring,NIBP,377,89.1,,
dev,monitoring,NONE,0,0.0,,
dev,result_real,increase_hypnotic,39,9.2,,
dev,result_real,reduce_hypnotic,62,14.7,,
dev,result_real,increase_opioid,115,27.2,,
dev,result_real,reduce_opioid,122,28.8,,
dev,result_real,no_action,85,20.1,,
test,n_cases,,149,,,
test,n_windows,,3457,,,
test,age_years,,,,57.38,14.39
test,sex,F,74,49.7,,
test,sex,M,75,50.3,,
test,asa,1,42,28.2,,
test,asa,2,77,51.7,,
test,asa,3,22,14.8,,
test,asa,4,1,0.7,,
test,asa,6,1,0.7,,
test,asa,unknown,6,4.0,,
test,surgery_type,Colorectal,36,24.2,,
test,surgery_type,Others,18,12.1,,
test,surgery_type,Minor resection,11,7.4,,
test,surgery_type,Biliary/Pancreas,21,14.1,,
test,surgery_type,Major resection,8,5.4,,
test,surgery_type,Breast,16,10.7,,
test,surgery_type,Transplantation,12,8.1,,
test,surgery_type,Thyroid,9,6.0,,
test,surgery_type,Hepatic,7,4.7,,
test,surgery_type,Vascular,8,5.4,,
test,surgery_type,Stomach,3,2.0,,
test,anesthesia_duration_h,,,,2.95,1.9
test,windows_per_case,,,,23.2,15.03
test,monitoring,ART,1882,54.4,,
test,monitoring,NIBP,1575,45.6,,
test,monitoring,NONE,0,0.0,,
test,result_real,increase_hypnotic,291,8.4,,
test,result_real,reduce_hypnotic,459,13.3,,
test,result_real,increase_opioid,824,23.8,,
test,result_real,reduce_opioid,940,27.2,,
test,result_real,no_action,943,27.3,,
