split,real,result_1,count
dev,increase_hypnotic,increase_hypnotic,6
dev,increase_hypnotic,reduce_hypnotic,6
dev,increase_hypnotic,increase_opioid,14
dev,increase_hypnotic,reduce_opioid,2
dev,increase_hypnotic,no_action,11
dev,reduce_hypnotic,increase_hypnotic,4
dev,reduce_hypnotic,reduce_hypnotic,16
dev,reduce_hypnotic,increase_opioid,15
dev,reduce_hypnotic,reduce_opioid,10
dev,reduce_hypnotic,no_action,17
dev,increase_opioid,increase_hypnotic,4
dev,increase_opioid,reduce_hypnotic,7
dev,increase_opioid,increase_opioid,53
dev,increase_opioid,reduce_opioid,33
dev,increase_opioid,no_action,18
dev,reduce_opioid,increase_hypnotic,2
dev,reduce_opioid,reduce_hypnotic,8
dev,reduce_opioid,increase_opioid,20
dev,reduce_opioid,reduce_opioid,63
dev,reduce_opioid,no_action,29
dev,no_action,increase_hypnotic,0
dev,no_action,reduce_hypnotic,7
dev,no_action,increase_opioid,5
dev,no_action,reduce_opioid,2
dev,no_action,no_action,71
train,increase_hypnotic,increase_hypnotic,1562
train,increase_hypnotic,reduce_hypnotic,286
train,increase_hypnotic,increase_opioid,1537
train,increase_hypnotic,reduce_opioid,849
train,increase_hypnotic,no_action,2174
train,reduce_hypnotic,increase_hypnotic,280
train,reduce_hypnotic,reduce_hypnotic,2641
train,reduce_hypnotic,increase_opioid,1079
train,reduce_hypnotic,reduce_opioid,1916
train,reduce_hypnotic,no_action,3711
train,increase_opioid,increase_hypnotic,779
train,increase_opioid,reduce_hypnotic,540
train,increase_opioid,increase_opioid,9920
train,increase_opioid,reduce_opioid,5204
train,increase_opioid,no_action,3213
train,reduce_opioid,increase_hypnotic,383
train,reduce_opioid,reduce_hypnotic,1345
train,reduce_opioid,increase_opioid,4803
train,reduce_opioid,reduce_opioid,11947
train,reduce_opioid,no_action,3903
train,no_action,increase_hypnotic,478
train,no_action,reduce_hypnotic,802
train,no_action,increase_opioid,1206
train,no_action,reduce_opioid,912
train,no_action,no_action,19078
test,increase_hypnotic,increase_hypnotic,86
test,increase_hypnotic,reduce_hypnotic,18
test,increase_hypnotic,increase_opioid,59
test,increase_hypnotic,reduce_opioid,36
test,increase_hypnotic,no_action,90
test,reduce_hypnotic,increase_hypnotic,15
test,reduce_hypnotic,reduce_hypnotic,141
test,reduce_hypnotic,increase_opioid,47
test,reduce_hypnotic,reduce_opioid,75
test,reduce_hypnotic,no_action,178
test,increase_opioid,increase_hypnotic,35
test,increase_opioid,reduce_hypnotic,30
test,increase_opioid,increase_opioid,427
test,increase_opioid,reduce_opioid,220
test,increase_opioid,no_action,112
test,reduce_opioid,increase_hypnotic,20
test,reduce_opioid,reduce_hypnotic,75
test,reduce_opioid,increase_opioid,203
test,reduce_opioid,reduce_opioid,486
test,reduce_opioid,no_action,153
test,no_action,increase_hypnotic,15
test,no_action,reduce_hypnotic,27
test,no_action,increase_opioid,32
test,no_action,reduce_opioid,40
test,no_action,no_action,825
overall,increase_hypnotic,increase_hypnotic,1654
overall,increase_hypnotic,reduce_hypnotic,310
overall,increase_hypnotic,increase_opioid,1610
overall,increase_hypnotic,reduce_opioid,887
overall,increase_hypnotic,no_action,2275
overall,reduce_hypnotic,increase_hypnotic,299
overall,reduce_hypnotic,reduce_hypnotic,2798
overall,reduce_hypnotic,increase_opioid,1141
overall,reduce_hypnotic,reduce_opioid,2001
overall,reduce_hypnotic,no_action,3906
overall,increase_opioid,increase_hypnotic,818
overall,increase_opioid,reduce_hypnotic,577
overall,increase_opioid,increase_opioid,10400
overall,increase_opioid,reduce_opioid,5457
overall,increase_opioid,no_action,3343
overall,reduce_opioid,increase_hypnotic,405
overall,reduce_opioid,reduce_hypnotic,1428
overall,reduce_opioid,increase_opioid,5026
overall,reduce_opioid,reduce_opioid,12496
overall,reduce_opioid,no_action,4085
overall,no_action,increase_hypnotic,493
overall,no_action,reduce_hypnotic,836
overall,no_action,increase_opioid,1243
overall,no_action,reduce_opioid,954
overall,no_action,no_action,19974
