split,real,result_aux,count
dev,increase_hypnotic,increase_hypnotic,9
dev,increase_hypnotic,reduce_hypnotic,8
dev,increase_hypnotic,increase_opioid,10
dev,increase_hypnotic,reduce_opioid,10
dev,increase_hypnotic,no_action,2
dev,reduce_hypnotic,increase_hypnotic,5
dev,reduce_hypnotic,reduce_hypnotic,20
dev,reduce_hypnotic,increase_opioid,11
dev,reduce_hypnotic,reduce_opioid,16
dev,reduce_hypnotic,no_action,10
dev,increase_opioid,increase_hypnotic,7
dev,increase_opioid,reduce_hypnotic,14
dev,increase_opioid,increase_opioid,35
dev,increase_opioid,reduce_opioid,52
dev,increase_opioid,no_action,7
dev,reduce_opioid,increase_hypnotic,5
dev,reduce_opioid,reduce_hypnotic,23
dev,reduce_opioid,increase_opioid,60
dev,reduce_opioid,reduce_opioid,30
dev,reduce_opioid,no_action,4
dev,no_action,increase_hypnotic,9
dev,no_action,reduce_hypnotic,26
dev,no_action,increase_opioid,17
dev,no_action,reduce_opioid,24
dev,no_action,no_action,9
train,increase_hypnotic,increase_hypnotic,1306
train,increase_hypnotic,reduce_hypnotic,705
train,increase_hypnotic,increase_opioid,2054
train,increase_hypnotic,reduce_opioid,1505
train,increase_hypnotic,no_action,835
train,reduce_hypnotic,increase_hypnotic,399
train,reduce_hypnotic,reduce_hypnotic,2714
train,reduce_hypnotic,increase_opioid,1681
train,reduce_hypnotic,reduce_opioid,3653
train,reduce_hypnotic,no_action,1145
train,increase_opioid,increase_hypnotic,1506
train,increase_opioid,reduce_hypnotic,1245
train,increase_opioid,increase_opioid,6774
train,increase_opioid,reduce_opioid,8199
train,increase_opioid,no_action,1911
train,reduce_opioid,increase_hypnotic,625
train,reduce_opioid,reduce_hypnotic,2703
train,reduce_opioid,increase_opioid,10576
train,reduce_opioid,reduce_opioid,7226
train,reduce_opioid,no_action,1173
train,no_action,increase_hypnotic,1924
train,no_action,reduce_hypnotic,5871
train,no_action,increase_opioid,5062
train,no_action,reduce_opioid,7366
train,no_action,no_action,1924
test,increase_hypnotic,increase_hypnotic,46
test,increase_hypnotic,reduce_hypnotic,36
test,increase_hypnotic,increase_opioid,93
test,increase_hypnotic,reduce_opioid,72
test,increase_hypnotic,no_action,43
test,reduce_hypnotic,increase_hypnotic,16
test,reduce_hypnotic,reduce_hypnotic,142
test,reduce_hypnotic,increase_opioid,69
test,reduce_hypnotic,reduce_opioid,180
test,reduce_hypnotic,no_action,47
test,increase_opioid,increase_hypnotic,43
test,increase_opioid,reduce_hypnotic,56
test,increase_opioid,increase_opioid,293
test,increase_opioid,reduce_opioid,353
test,increase_opioid,no_action,77
test,reduce_opioid,increase_hypnotic,29
test,reduce_opioid,reduce_hypnotic,119
test,reduce_opioid,increase_opioid,426
test,reduce_opioid,reduce_opioid,307
test,reduce_opioid,no_action,56
test,no_action,increase_hypnotic,74
test,no_action,reduce_hypnotic,277
test,no_action,increase_opioid,194
test,no_action,reduce_opioid,330
test,no_action,no_action,58
overall,increase_hypnotic,increase_hypnotic,1361
overall,increase_hypnotic,reduce_hypnotic,749
overall,increase_hypnotic,increase_opioid,2157
overall,increase_hypnotic,reduce_opioid,1587
overall,increase_hypnotic,no_action,880
overall,reduce_hypnotic,increase_hypnotic,420
overall,reduce_hypnotic,reduce_hypnotic,2876
overall,reduce_hypnotic,increase_opioid,1761
overall,reduce_hypnotic,reduce_opioid,3849
overall,reduce_hypnotic,no_action,1202
overall,increase_opioid,increase_hypnotic,1556
overall,increase_opioid,reduce_hypnotic,1315
overall,increase_opioid,increase_opioid,7102
overall,increase_opioid,reduce_opioid,8604
overall,increase_opioid,no_action,1995
overall,reduce_opioid,increase_hypnotic,659
overall,reduce_opioid,reduce_hypnotic,2845
overall,reduce_opioid,increase_opioid,11062
overall,reduce_opioid,reduce_opioid,7563
overall,reduce_opioid,no_action,1233
overall,no_action,increase_hypnotic,2007
overall,no_action,reduce_hypnotic,6174
overall,no_action,increase_opioid,5273
overall,no_action,reduce_opioid,7720
overall,no_action,no_action,1991
