variable,type,overall,dev,train,test,easy,medium,hard
BIS_current,field,94.10,14.18,94.55,93.75,96.56,94.88,90.65
BIS_max,field,94.10,14.18,94.55,93.75,96.56,94.88,90.65
BIS_mean,field,94.10,14.18,94.55,93.75,96.56,94.88,90.65
BIS_min,field,94.10,14.18,94.55,93.75,96.56,94.88,90.65
BIS_slope,field,94.10,14.18,94.55,93.75,96.56,94.88,90.65
BIS_trend,field,94.10,14.18,94.55,93.75,96.56,94.88,90.65
DBP_current,field,66.97,0.00,67.51,64.23,61.46,69.41,66.37
DBP_max,field,66.97,0.00,67.51,64.23,61.46,69.41,66.37
DBP_mean,field,66.97,0.00,67.51,64.23,61.46,69.41,66.37
DBP_min,field,66.97,0.00,67.51,64.23,61.46,69.41,66.37
DBP_slope,field,66.97,0.00,67.51,64.23,61.46,69.41,66.37
DBP_trend,field,66.97,0.00,67.51,64.23,61.46,69.41,66.37
EtCO2_current,field,72.04,10.64,72.56,69.11,66.77,74.21,71.79
EtCO2_max,field,72.04,10.64,72.56,69.11,66.77,74.21,71.79
EtCO2_mean,field,72.04,10.64,72.56,69.11,66.77,74.21,71.79
EtCO2_min,field,72.04,10.64,72.56,69.11,66.77,74.21,71.79
EtCO2_slope,field,72.04,10.64,72.56,69.11,66.77,74.21,71.79
EtCO2_trend,field,72.04,10.64,72.56,69.11,66.77,74.21,71.79
HR_current,field,66.97,0.00,67.51,64.23,61.46,69.41,66.37
HR_max,field,66.97,0.00,67.51,64.23,61.46,69.41,66.37
HR_mean,field,66.97,0.00,67.51,64.23,61.46,69.41,66.37
HR_min,field,66.97,0.00,67.51,64.23,61.46,69.41,66.37
HR_slope,field,66.97,0.00,67.51,64.23,61.46,69.41,66.37
HR_trend,field,66.97,0.00,67.51,64.23,61.46,69.41,66.37
MAP_current,field,66.97,0.00,67.51,64.23,61.46,69.41,66.37
MAP_max,field,66.97,0.00,67.51,64.23,61.46,69.41,66.37
MAP_mean,field,66.97,0.00,67.51,64.23,61.46,69.41,66.37
MAP_min,field,66.97,0.00,67.51,64.23,61.46,69.41,66.37
MAP_slope,field,66.97,0.00,67.51,64.23,61.46,69.41,66.37
MAP_trend,field,66.97,0.00,67.51,64.23,61.46,69.41,66.37
PPV_current,field,67.26,0.00,67.81,64.40,61.88,69.73,66.51
PPV_max,field,67.26,0.00,67.81,64.40,61.88,69.73,66.51
PPV_mean,field,67.26,0.00,67.81,64.40,61.88,69.73,66.51
PPV_min,field,67.26,0.00,67.81,64.40,61.88,69.73,66.51
PPV_slope,field,67.26,0.00,67.81,64.40,61.88,69.73,66.51
PPV_trend,field,67.26,0.00,67.81,64.40,61.88,69.73,66.51
SBP_current,field,66.97,0.00,67.51,64.23,61.46,69.41,66.37
SBP_max,field,66.97,0.00,67.51,64.23,61.46,69.41,66.37
SBP_mean,field,66.97,0.00,67.51,64.23,61.46,69.41,66.37
SBP_min,field,66.97,0.00,67.51,64.23,61.46,69.41,66.37
SBP_slope,field,66.97,0.00,67.51,64.23,61.46,69.41,66.37
SBP_trend,field,66.97,0.00,67.51,64.23,61.46,69.41,66.37
SVV_current,field,65.46,0.00,66.03,61.99,60.57,67.96,64.24
SVV_max,field,65.46,0.00,66.03,61.99,60.57,67.96,64.24
SVV_mean,field,65.46,0.00,66.03,61.99,60.57,67.96,64.24
SVV_min,field,65.46,0.00,66.03,61.99,60.57,67.96,64.24
SVV_slope,field,65.46,0.00,66.03,61.99,60.57,67.96,64.24
SVV_trend,field,65.46,0.00,66.03,61.99,60.57,67.96,64.24
SpO2_current,field,72.44,10.87,72.96,69.42,67.53,74.52,72.08
SpO2_max,field,72.44,10.87,72.96,69.42,67.53,74.52,72.08
SpO2_mean,field,72.44,10.87,72.96,69.42,67.53,74.52,72.08
SpO2_min,field,72.44,10.87,72.96,69.42,67.53,74.52,72.08
SpO2_slope,field,72.44,10.87,72.96,69.42,67.53,74.52,72.08
SpO2_trend,field,72.44,10.87,72.96,69.42,67.53,74.52,72.08
actions_history_json,field,100.00,100.00,100.00,100.00,100.00,100.00,100.00
bis_above_60_sec,field,94.10,14.18,94.55,93.75,96.57,94.89,90.65
bis_below_40_sec,field,94.10,14.18,94.55,93.75,96.57,94.89,90.65
bis_current,field,94.14,14.18,94.59,93.75,96.60,94.92,90.70
bis_delta_abs,field,94.14,14.18,94.59,93.75,96.60,94.92,90.70
bis_delta_pct,field,86.87,11.35,87.36,85.66,85.98,87.85,85.62
bis_n_pts_short,field,100.00,100.00,100.00,100.00,100.00,100.00,100.00
bis_slope_long,field,94.11,14.18,94.56,93.75,96.56,94.89,90.67
bis_slope_short,field,94.01,13.95,94.46,93.65,96.38,94.80,90.62
bis_trend,field,100.00,100.00,100.00,100.00,100.00,100.00,100.00
bis_trend_code,field,94.11,14.18,94.56,93.75,96.56,94.89,90.67
case_id,field,100.00,100.00,100.00,100.00,100.00,100.00,100.00
case_id_fill,field,100.00,100.00,100.00,100.00,100.00,100.00,100.00
causal_depth_json,field,100.00,100.00,100.00,100.00,100.00,100.00,100.00
ce_propofol,field,99.24,100.00,99.21,99.56,98.26,99.33,99.81
ce_remi,field,99.21,100.00,99.19,99.44,98.46,99.27,99.65
cp_propofol,field,99.24,100.00,99.21,99.56,98.26,99.33,99.81
cp_remi,field,97.49,100.00,97.43,98.19,96.93,97.79,97.32
ct_propofol,field,99.24,100.00,99.21,99.56,98.26,99.33,99.81
decision_time_abs,field,100.00,100.00,100.00,99.98,99.99,100.00,99.99
depth_score,field,100.00,100.00,100.00,100.00,100.00,100.00,100.00
drug_concentrations_json,field,100.00,100.00,100.00,100.00,100.00,100.00,100.00
etco2_current,field,98.42,93.62,98.43,98.65,97.98,98.68,98.26
etco2_delta_abs,field,98.42,93.62,98.43,98.65,97.98,98.68,98.26
etco2_delta_pct,field,91.31,84.63,91.33,91.54,87.26,91.80,93.47
etco2_n_pts_short,field,100.00,100.00,100.00,100.00,100.00,100.00,100.00
etco2_slope_long,field,97.72,93.14,97.75,97.74,97.06,97.96,97.77
etco2_slope_short,field,96.53,89.36,96.60,95.98,95.63,96.75,96.79
etco2_trend,field,100.00,100.00,100.00,100.00,100.00,100.00,100.00
etco2_trend_code,field,97.72,93.14,97.75,97.74,97.06,97.96,97.77
events_json,field,100.00,100.00,100.00,100.00,100.00,100.00,100.00
exp_sevo,field,31.51,9.46,31.56,32.57,30.65,32.25,30.71
history_summary,field,100.00,100.00,100.00,100.00,100.00,100.00,100.00
hr_current,field,99.99,100.00,99.98,100.00,99.99,99.98,100.00
hr_delta_abs,field,99.99,100.00,99.98,100.00,99.99,99.98,100.00
hr_delta_pct,field,99.87,99.29,99.86,99.96,99.83,99.84,99.94
hr_n_pts_short,field,100.00,100.00,100.00,100.00,100.00,100.00,100.00
hr_slope_long,field,99.53,99.76,99.53,99.54,99.53,99.54,99.51
hr_slope_short,field,98.75,97.16,98.76,98.63,98.57,98.82,98.75
hr_trend,field,100.00,100.00,100.00,100.00,100.00,100.00,100.00
hr_trend_code,field,99.53,99.76,99.53,99.54,99.53,99.54,99.51
lab_alb,field,80.47,0.00,80.94,79.83,79.02,79.56,83.38
lab_alb_age,field,80.47,0.00,80.94,79.83,79.02,79.56,83.38
lab_alt,field,80.48,0.00,80.95,79.83,79.08,79.56,83.38
lab_alt_age,field,80.48,0.00,80.95,79.83,79.08,79.56,83.38
lab_ammo,field,1.87,0.00,1.88,1.83,0.30,1.22,4.36
lab_ammo_age,field,1.87,0.00,1.88,1.83,0.30,1.22,4.36
lab_aptt,field,76.14,0.00,76.48,77.12,74.34,76.35,77.10
lab_aptt_age,field,76.14,0.00,76.48,77.12,74.34,76.35,77.10
lab_ast,field,80.48,0.00,80.95,79.83,79.08,79.56,83.38
lab_ast_age,field,80.48,0.00,80.95,79.83,79.08,79.56,83.38
lab_be,field,0.88,0.00,0.86,1.35,0.70,1.05,0.69
lab_be_age,field,0.88,0.00,0.86,1.35,0.70,1.05,0.69
lab_bun,field,80.32,0.00,80.80,79.46,78.60,79.47,83.31
lab_bun_age,field,80.32,0.00,80.80,79.46,78.60,79.47,83.31
lab_ccr,field,5.82,0.00,5.66,8.75,0.84,4.43,12.42
lab_ccr_age,field,5.82,0.00,5.66,8.75,0.84,4.43,12.42
lab_cl,field,85.04,0.00,85.44,85.91,82.45,85.29,86.56
lab_cl_age,field,85.04,0.00,85.44,85.91,82.45,85.29,86.56
lab_cr,field,80.32,0.00,80.80,79.46,78.60,79.47,83.31
lab_cr_age,field,80.32,0.00,80.80,79.46,78.60,79.47,83.31
lab_crp,field,62.24,0.00,62.49,63.57,64.58,62.92,59.09
lab_crp_age,field,62.24,0.00,62.49,63.57,64.58,62.92,59.09
lab_esr,field,9.07,0.00,8.87,12.80,4.03,7.80,15.45
lab_esr_age,field,9.07,0.00,8.87,12.80,4.03,7.80,15.45
lab_fib,field,72.27,0.00,72.54,73.98,72.58,71.62,73.30
lab_fib_age,field,72.27,0.00,72.54,73.98,72.58,71.62,73.30
lab_gfr,field,80.14,0.00,80.61,79.46,78.51,79.29,83.08
lab_gfr_age,field,80.14,0.00,80.61,79.46,78.51,79.29,83.08
lab_gluc,field,74.55,0.00,74.90,75.27,74.53,73.69,76.25
lab_gluc_age,field,74.55,0.00,74.90,75.27,74.53,73.69,76.25
lab_hb,field,79.21,0.00,79.68,78.47,77.35,78.62,81.82
lab_hb_age,field,79.21,0.00,79.68,78.47,77.35,78.62,81.82
lab_hco3,field,3.82,0.00,3.77,5.02,3.27,3.91,4.08
lab_hco3_age,field,3.82,0.00,3.77,5.02,3.27,3.91,4.08
lab_hct,field,79.28,0.00,79.75,78.47,77.35,78.74,81.82
lab_hct_age,field,79.28,0.00,79.75,78.47,77.35,78.74,81.82
lab_ica,field,16.08,47.28,15.90,16.35,9.79,14.15,24.75
lab_ica_age,field,16.08,47.28,15.90,16.35,9.79,14.15,24.75
lab_k,field,85.09,0.00,85.49,85.91,82.45,85.38,86.56
lab_k_age,field,85.09,0.00,85.49,85.91,82.45,85.38,86.56
lab_lac,field,3.82,0.00,3.77,5.02,3.27,3.91,4.08
lab_lac_age,field,3.82,0.00,3.77,5.02,3.27,3.91,4.08
lab_na,field,85.09,0.00,85.49,85.91,82.45,85.38,86.56
lab_na_age,field,85.09,0.00,85.49,85.91,82.45,85.38,86.56
lab_p,field,45.62,20.09,46.16,39.48,42.39,44.64,50.04
lab_p_age,field,45.62,20.09,46.16,39.48,42.39,44.64,50.04
lab_pco2,field,3.82,0.00,3.77,5.02,3.27,3.91,4.08
lab_pco2_age,field,3.82,0.00,3.77,5.02,3.27,3.91,4.08
lab_ph,field,3.82,0.00,3.77,5.02,3.27,3.91,4.08
lab_ph_age,field,3.82,0.00,3.77,5.02,3.27,3.91,4.08
lab_plt,field,79.07,0.00,79.53,78.47,77.03,78.62,81.54
lab_plt_age,field,79.07,0.00,79.53,78.47,77.03,78.62,81.54
lab_po2,field,3.82,0.00,3.77,5.02,3.27,3.91,4.08
lab_po2_age,field,3.82,0.00,3.77,5.02,3.27,3.91,4.08
lab_pt_pct,field,76.08,0.00,76.42,77.12,74.39,76.31,76.94
lab_pt_pct_age,field,76.08,0.00,76.42,77.12,74.39,76.31,76.94
lab_ptinr,field,76.08,0.00,76.42,77.12,74.39,76.31,76.94
lab_ptinr_age,field,76.08,0.00,76.42,77.12,74.39,76.31,76.94
lab_ptsec,field,76.08,0.00,76.42,77.12,74.39,76.31,76.94
lab_ptsec_age,field,76.08,0.00,76.42,77.12,74.39,76.31,76.94
lab_sao2,field,3.82,0.00,3.77,5.02,3.27,3.91,4.08
lab_sao2_age,field,3.82,0.00,3.77,5.02,3.27,3.91,4.08
lab_tbil,field,80.47,0.00,80.94,79.83,79.02,79.56,83.38
lab_tbil_age,field,80.47,0.00,80.94,79.83,79.02,79.56,83.38
lab_tprot,field,80.47,0.00,80.94,79.83,79.02,79.56,83.38
lab_tprot_age,field,80.47,0.00,80.94,79.83,79.02,79.56,83.38
lab_wbc,field,79.21,0.00,79.68,78.47,77.35,78.62,81.82
lab_wbc_age,field,79.21,0.00,79.68,78.47,77.35,78.62,81.82
mac,field,71.71,10.64,72.21,69.03,66.43,73.87,71.47
map_below_55_sec,field,100.00,100.00,100.00,100.00,100.00,100.00,100.00
map_below_65_sec,field,100.00,100.00,100.00,100.00,100.00,100.00,100.00
map_current,field,98.03,90.07,98.08,97.99,99.27,98.45,96.26
map_delta_abs,field,98.03,90.07,98.08,97.99,99.27,98.45,96.26
map_delta_pct,field,97.60,90.07,97.64,97.57,98.76,97.99,95.94
map_n_pts_short,field,100.00,100.00,100.00,100.00,100.00,100.00,100.00
map_slope_long,field,97.52,89.60,97.57,97.37,98.78,97.95,95.68
map_slope_short,field,96.71,86.29,96.79,96.27,97.88,97.20,94.85
map_trend,field,100.00,100.00,100.00,100.00,100.00,100.00,100.00
map_trend_code,field,97.52,89.60,97.57,97.37,98.78,97.95,95.68
monitoring_type,field,100.00,100.00,100.00,100.00,100.00,100.00,100.00
n_actions_hist,field,100.00,100.00,100.00,100.00,100.00,100.00,100.00
n_drug_points,field,100.00,100.00,100.00,100.00,100.00,100.00,100.00
n_drug_signals,field,100.00,100.00,100.00,100.00,100.00,100.00,100.00
n_events,field,100.00,100.00,100.00,100.00,100.00,100.00,100.00
n_stale_9999,field,100.00,100.00,100.00,100.00,100.00,100.00,100.00
n_vitals_points_x,field,100.00,100.00,100.00,100.00,100.00,100.00,100.00
n_vitals_points_y,field,100.00,100.00,100.00,100.00,100.00,100.00,100.00
n_vitals_signals,field,100.00,100.00,100.00,100.00,100.00,100.00,100.00
pkpd_residuals_json,field,100.00,100.00,100.00,100.00,100.00,100.00,100.00
ppv_current,field,67.47,0.00,68.01,64.61,62.11,69.93,66.68
ppv_delta_abs,field,67.47,0.00,68.01,64.61,62.11,69.93,66.68
ppv_delta_pct,field,67.47,0.00,68.01,64.61,62.11,69.93,66.68
ppv_n_pts_short,field,100.00,100.00,100.00,100.00,100.00,100.00,100.00
ppv_slope_long,field,67.14,0.00,67.68,64.34,61.70,69.58,66.45
ppv_slope_short,field,66.80,0.00,67.34,63.92,61.39,69.27,66.06
ppv_trend,field,100.00,100.00,100.00,100.00,100.00,100.00,100.00
ppv_trend_code,field,67.14,0.00,67.68,64.34,61.70,69.58,66.45
propofol_ce_current,field,99.27,100.00,99.26,99.44,98.35,99.34,99.84
propofol_ce_delta_abs,field,99.27,100.00,99.26,99.44,98.35,99.34,99.84
propofol_ce_delta_pct,field,90.24,85.82,90.28,89.92,84.61,90.77,93.51
propofol_ce_n_pts_short,field,100.00,100.00,100.00,100.00,100.00,100.00,100.00
propofol_ce_slope_long,field,98.97,100.00,98.95,99.15,97.93,98.99,99.74
propofol_ce_slope_short,field,98.25,99.76,98.21,98.71,96.65,98.24,99.51
propofol_ce_trend,field,100.00,100.00,100.00,100.00,100.00,100.00,100.00
propofol_ce_trend_code,field,98.97,100.00,98.95,99.15,97.93,98.99,99.74
pt_adm,field,100.00,100.00,100.00,100.00,100.00,100.00,100.00
pt_age,field,100.00,100.00,100.00,100.00,100.00,100.00,100.00
pt_airway,field,98.53,95.04,98.57,98.11,98.02,98.85,98.27
pt_aline1,field,70.89,0.00,71.50,67.41,65.72,73.45,69.80
pt_ane_type,field,100.00,100.00,100.00,100.00,100.00,100.00,100.00
pt_aneend,field,100.00,100.00,100.00,100.00,100.00,100.00,100.00
pt_anestart,field,100.00,100.00,100.00,100.00,100.00,100.00,100.00
pt_approach,field,100.00,100.00,100.00,100.00,100.00,100.00,100.00
pt_asa,field,98.07,97.16,98.10,97.78,98.69,97.92,97.91
pt_bmi,field,100.00,100.00,100.00,100.00,100.00,100.00,100.00
pt_caseend,field,100.00,100.00,100.00,100.00,100.00,100.00,100.00
pt_caseid,field,100.00,100.00,100.00,100.00,100.00,100.00,100.00
pt_casestart,field,100.00,100.00,100.00,100.00,100.00,100.00,100.00
pt_cline1,field,43.16,0.00,43.53,40.97,37.28,45.65,42.73
pt_cormack,field,92.23,84.16,92.25,92.63,92.26,92.09,92.49
pt_death_inhosp,field,100.00,100.00,100.00,100.00,100.00,100.00,100.00
pt_department,field,100.00,100.00,100.00,100.00,100.00,100.00,100.00
pt_dis,field,100.00,100.00,100.00,100.00,100.00,100.00,100.00
pt_dltubesize,field,25.10,0.00,25.42,22.30,37.63,28.36,9.00
pt_dx,field,100.00,100.00,100.00,100.00,100.00,100.00,100.00
pt_emop,field,100.00,100.00,100.00,100.00,100.00,100.00,100.00
pt_height,field,100.00,100.00,100.00,100.00,100.00,100.00,100.00
pt_icu_days,field,100.00,100.00,100.00,100.00,100.00,100.00,100.00
pt_intraop_ca,field,100.00,100.00,100.00,100.00,100.00,100.00,100.00
pt_intraop_colloid,field,100.00,100.00,100.00,100.00,100.00,100.00,100.00
pt_intraop_crystalloid,field,97.30,97.87,97.28,97.45,94.92,97.69,98.34
pt_intraop_ebl,field,75.74,40.90,75.92,75.71,61.04,76.93,84.65
pt_intraop_eph,field,100.00,100.00,100.00,100.00,100.00,100.00,100.00
pt_intraop_epi,field,100.00,100.00,100.00,100.00,100.00,100.00,100.00
pt_intraop_ffp,field,100.00,100.00,100.00,100.00,100.00,100.00,100.00
pt_intraop_ftn,field,100.00,100.00,100.00,100.00,100.00,100.00,100.00
pt_intraop_mdz,field,100.00,100.00,100.00,100.00,100.00,100.00,100.00
pt_intraop_phe,field,100.00,100.00,100.00,100.00,100.00,100.00,100.00
pt_intraop_ppf,field,100.00,100.00,100.00,100.00,100.00,100.00,100.00
pt_intraop_rbc,field,100.00,100.00,100.00,100.00,100.00,100.00,100.00
pt_intraop_rocu,field,100.00,100.00,100.00,100.00,100.00,100.00,100.00
pt_intraop_uo,field,72.86,6.62,73.04,75.52,60.24,75.85,76.62
pt_intraop_vecu,field,100.00,100.00,100.00,100.00,100.00,100.00,100.00
pt_iv1,field,99.21,99.29,99.26,98.44,99.00,99.46,98.86
pt_iv2,field,26.32,3.78,26.57,24.38,24.59,27.00,26.32
pt_lmasize,field,0.06,0.00,0.06,0.00,0.07,0.07,0.03
pt_opend,field,99.97,100.00,99.97,100.00,100.00,99.94,100.00
pt_opname,field,100.00,100.00,100.00,100.00,100.00,100.00,100.00
pt_opstart,field,100.00,100.00,100.00,100.00,100.00,100.00,100.00
pt_optype,field,100.00,100.00,100.00,100.00,100.00,100.00,100.00
pt_position,field,97.04,99.29,96.97,98.01,96.45,97.53,96.53
pt_preop_alb,field,93.94,97.16,93.97,93.32,92.19,93.63,95.90
pt_preop_alt,field,94.02,97.16,94.03,93.59,92.39,93.53,96.23
pt_preop_aptt,field,93.71,97.16,93.77,92.39,92.10,93.07,96.20
pt_preop_ast,field,94.07,97.16,94.08,93.59,92.51,93.58,96.23
pt_preop_be,field,8.08,0.00,8.06,9.03,8.92,8.11,7.36
pt_preop_bun,field,94.08,97.16,94.12,93.32,92.56,93.62,96.18
pt_preop_cr,field,94.02,97.16,94.05,93.32,92.67,93.59,95.90
pt_preop_dm,field,100.00,100.00,100.00,100.00,100.00,100.00,100.00
pt_preop_ecg,field,100.00,100.00,100.00,100.00,100.00,100.00,100.00
pt_preop_gluc,field,93.75,97.16,93.79,92.82,92.14,93.28,95.91
pt_preop_hb,field,94.57,97.16,94.52,95.12,93.18,94.33,96.10
pt_preop_hco3,field,8.11,0.00,8.09,9.03,9.07,8.11,7.36
pt_preop_htn,field,100.00,100.00,100.00,100.00,100.00,100.00,100.00
pt_preop_k,field,91.50,93.38,91.40,92.82,88.95,90.85,94.76
pt_preop_na,field,91.45,93.38,91.35,92.82,88.82,90.80,94.76
pt_preop_paco2,field,8.30,0.00,8.30,9.03,9.29,8.26,7.62
pt_preop_pao2,field,8.30,0.00,8.30,9.03,9.29,8.26,7.62
pt_preop_pft,field,100.00,100.00,100.00,100.00,100.00,100.00,100.00
pt_preop_ph,field,8.46,0.00,8.46,9.03,9.62,8.35,7.76
pt_preop_plt,field,94.54,97.16,94.52,94.73,92.93,94.34,96.19
pt_preop_pt,field,93.84,97.16,93.91,92.39,91.69,93.28,96.60
pt_preop_sao2,field,8.11,0.00,8.09,9.03,9.07,8.11,7.36
pt_sex,field,100.00,100.00,100.00,100.00,100.00,100.00,100.00
pt_subjectid,field,100.00,100.00,100.00,100.00,100.00,100.00,100.00
pt_tubesize,field,73.11,89.36,72.82,76.12,61.17,70.13,88.18
pt_weight,field,100.00,100.00,100.00,100.00,100.00,100.00,100.00
remi_causal_flag,field,100.00,100.00,100.00,100.00,100.00,100.00,100.00
remi_ce_current,field,99.25,100.00,99.23,99.44,98.54,99.30,99.69
remi_ce_delta_abs,field,99.25,100.00,99.23,99.44,98.54,99.30,99.69
remi_ce_delta_pct,field,91.48,90.31,91.49,91.45,86.38,91.90,94.55
remi_ce_n_pts_short,field,100.00,100.00,100.00,100.00,100.00,100.00,100.00
remi_ce_slope_long,field,98.94,100.00,98.92,99.13,98.13,98.92,99.58
remi_ce_slope_short,field,98.18,99.53,98.14,98.63,96.77,98.16,99.30
remi_ce_trend,field,100.00,100.00,100.00,100.00,100.00,100.00,100.00
remi_ce_trend_code,field,98.94,100.00,98.92,99.13,98.13,98.92,99.58
schema_version,field,100.00,100.00,100.00,100.00,100.00,100.00,100.00
set_fio2,field,71.65,10.64,72.20,68.28,66.30,73.84,71.42
set_peep,field,68.46,10.40,69.00,64.90,62.15,70.73,68.79
set_rr,field,68.46,10.40,69.00,64.90,62.15,70.73,68.79
set_tv,field,66.66,10.40,67.25,62.18,60.55,68.80,67.09
spo2_current,field,99.94,100.00,99.93,100.00,99.99,99.89,99.99
spo2_delta_abs,field,99.94,100.00,99.93,100.00,99.99,99.89,99.99
spo2_delta_pct,field,99.94,100.00,99.93,100.00,99.99,99.89,99.99
spo2_n_pts_short,field,100.00,100.00,100.00,100.00,100.00,100.00,100.00
spo2_slope_long,field,99.88,100.00,99.87,99.94,99.95,99.82,99.94
spo2_slope_short,field,99.26,97.64,99.27,99.21,99.21,99.23,99.36
spo2_trend,field,100.00,100.00,100.00,100.00,100.00,100.00,100.00
spo2_trend_code,field,99.88,100.00,99.87,99.94,99.95,99.82,99.94
staleness_json,field,100.00,100.00,100.00,100.00,100.00,100.00,100.00
staleness_max,field,63.74,0.00,64.37,59.38,60.24,66.19,61.59
surgery_pct,field,100.00,100.00,100.00,100.00,100.00,100.00,100.00
time_since_induction_sec,field,100.00,100.00,100.00,100.00,100.00,100.00,100.00
vitals_json,field,100.00,100.00,100.00,100.00,100.00,100.00,100.00
window_id,field,100.00,100.00,100.00,100.00,100.00,100.00,100.00
MAP,vital,98.03,90.07,98.08,97.99,99.27,98.45,96.26
HR,vital,99.99,100.00,99.98,100.00,99.99,99.98,100.00
BIS,vital,94.14,14.18,94.59,93.75,96.60,94.92,90.70
SBP,vital,97.86,90.07,97.89,97.99,99.23,98.26,95.99
DBP,vital,97.86,90.07,97.89,97.99,99.23,98.26,95.99
PPV,vital,67.47,0.00,68.01,64.61,62.11,69.93,66.68
SVV,vital,66.03,0.00,66.62,62.51,61.17,68.52,64.83
SpO2,vital,99.94,100.00,99.93,100.00,99.99,99.89,99.99
EtCO2,vital,98.42,93.62,98.43,98.65,97.98,98.68,98.26
