split,label,action,count,prevalence
dev,result_1,increase_hypnotic,16,0.0378
dev,result_1,reduce_hypnotic,44,0.1040
dev,result_1,increase_opioid,107,0.2530
dev,result_1,reduce_opioid,110,0.2600
dev,result_1,no_action,146,0.3452
dev,result_1,vasopressor,0,0.0000
dev,result_aux,increase_hypnotic,35,0.0827
dev,result_aux,reduce_hypnotic,91,0.2151
dev,result_aux,increase_opioid,133,0.3144
dev,result_aux,reduce_opioid,132,0.3121
dev,result_aux,no_action,32,0.0757
dev,result_aux,vasopressor,0,0.0000
dev,result_real,increase_hypnotic,39,0.0922
dev,result_real,reduce_hypnotic,62,0.1466
dev,result_real,increase_opioid,115,0.2719
dev,result_real,reduce_opioid,122,0.2884
dev,result_real,no_action,85,0.2009
dev,result_real,vasopressor,0,0.0000
train,result_1,increase_hypnotic,3482,0.0430
train,result_1,reduce_hypnotic,5614,0.0694
train,result_1,increase_opioid,18545,0.2291
train,result_1,reduce_opioid,20828,0.2573
train,result_1,no_action,32079,0.3964
train,result_1,vasopressor,385,0.0048
train,result_aux,increase_hypnotic,5760,0.0712
train,result_aux,reduce_hypnotic,13238,0.1636
train,result_aux,increase_opioid,26147,0.3231
train,result_aux,reduce_opioid,27949,0.3453
train,result_aux,no_action,6988,0.0863
train,result_aux,vasopressor,851,0.0105
train,result_real,increase_hypnotic,6452,0.0797
train,result_real,reduce_hypnotic,9710,0.1200
train,result_real,increase_opioid,19691,0.2433
train,result_real,reduce_opioid,22470,0.2776
train,result_real,no_action,22610,0.2794
train,result_real,vasopressor,0,0.0000
test,result_1,increase_hypnotic,171,0.0495
test,result_1,reduce_hypnotic,291,0.0842
test,result_1,increase_opioid,768,0.2222
test,result_1,reduce_opioid,857,0.2479
test,result_1,no_action,1358,0.3928
test,result_1,vasopressor,12,0.0035
test,result_aux,increase_hypnotic,208,0.0602
test,result_aux,reduce_hypnotic,630,0.1822
test,result_aux,increase_opioid,1075,0.3110
test,result_aux,reduce_opioid,1242,0.3593
test,result_aux,no_action,281,0.0813
test,result_aux,vasopressor,21,0.0061
test,result_real,increase_hypnotic,291,0.0842
test,result_real,reduce_hypnotic,459,0.1328
test,result_real,increase_opioid,824,0.2384
test,result_real,reduce_opioid,940,0.2719
test,result_real,no_action,943,0.2728
test,result_real,vasopressor,0,0.0000
overall,result_1,increase_hypnotic,3669,0.0433
overall,result_1,reduce_hypnotic,5949,0.0701
overall,result_1,increase_opioid,19420,0.2290
overall,result_1,reduce_opioid,21795,0.2570
overall,result_1,no_action,33583,0.3960
overall,result_1,vasopressor,397,0.0047
overall,result_aux,increase_hypnotic,6003,0.0708
overall,result_aux,reduce_hypnotic,13959,0.1646
overall,result_aux,increase_opioid,27355,0.3225
overall,result_aux,reduce_opioid,29323,0.3457
overall,result_aux,no_action,7301,0.0861
overall,result_aux,vasopressor,872,0.0103
overall,result_real,increase_hypnotic,6782,0.0800
overall,result_real,reduce_hypnotic,10231,0.1206
overall,result_real,increase_opioid,20630,0.2432
overall,result_real,reduce_opioid,23532,0.2775
overall,result_real,no_action,23638,0.2787
overall,result_real,vasopressor,0,0.0000
