split,label,action,count
dev,result_1,increase_hypnotic,16
dev,result_1,reduce_hypnotic,44
dev,result_1,increase_opioid,107
dev,result_1,reduce_opioid,110
dev,result_1,no_action,146
dev,result_1,vasopressor,0
dev,result_aux,increase_hypnotic,35
dev,result_aux,reduce_hypnotic,91
dev,result_aux,increase_opioid,133
dev,result_aux,reduce_opioid,132
dev,result_aux,no_action,32
dev,result_aux,vasopressor,0
dev,result_real,increase_hypnotic,39
dev,result_real,reduce_hypnotic,62
dev,result_real,increase_opioid,115
dev,result_real,reduce_opioid,122
dev,result_real,no_action,85
dev,result_real,vasopressor,0
train,result_1,increase_hypnotic,3482
train,result_1,reduce_hypnotic,5614
train,result_1,increase_opioid,18545
train,result_1,reduce_opioid,20828
train,result_1,no_action,32079
train,result_1,vasopressor,385
train,result_aux,increase_hypnotic,5760
train,result_aux,reduce_hypnotic,13238
train,result_aux,increase_opioid,26147
train,result_aux,reduce_opioid,27949
train,result_aux,no_action,6988
train,result_aux,vasopressor,851
train,result_real,increase_hypnotic,6452
train,result_real,reduce_hypnotic,9710
train,result_real,increase_opioid,19691
train,result_real,reduce_opioid,22470
train,result_real,no_action,22610
train,result_real,vasopressor,0
test,result_1,increase_hypnotic,171
test,result_1,reduce_hypnotic,291
test,result_1,increase_opioid,768
test,result_1,reduce_opioid,857
test,result_1,no_action,1358
test,result_1,vasopressor,12
test,result_aux,increase_hypnotic,208
test,result_aux,reduce_hypnotic,630
test,result_aux,increase_opioid,1075
test,result_aux,reduce_opioid,1242
test,result_aux,no_action,281
test,result_aux,vasopressor,21
test,result_real,increase_hypnotic,291
test,result_real,reduce_hypnotic,459
test,result_real,increase_opioid,824
test,result_real,reduce_opioid,940
test,result_real,no_action,943
test,result_real,vasopressor,0
overall,result_1,increase_hypnotic,3669
overall,result_1,reduce_hypnotic,5949
overall,result_1,increase_opioid,19420
overall,result_1,reduce_opioid,21795
overall,result_1,no_action,33583
overall,result_1,vasopressor,397
overall,result_aux,increase_hypnotic,6003
overall,result_aux,reduce_hypnotic,13959
overall,result_aux,increase_opioid,27355
overall,result_aux,reduce_opioid,29323
overall,result_aux,no_action,7301
overall,result_aux,vasopressor,872
overall,result_real,increase_hypnotic,6782
overall,result_real,reduce_hypnotic,10231
overall,result_real,increase_opioid,20630
overall,result_real,reduce_opioid,23532
overall,result_real,no_action,23638
overall,result_real,vasopressor,0
