case_id,difficulty,split,n_windows,null_score
1000,easy,train,22,0.1859
1001,hard,test,19,0.0491
1002,medium,train,21,0.068
1004,hard,train,28,0.0956
1008,medium,train,29,0.1193
101,medium,train,35,0.1311
1011,medium,train,20,0.1835
1014,hard,train,11,0.2217
1016,medium,train,38,0.056
1018,medium,train,63,0.0452
1019,medium,train,25,0.099
1024,hard,test,15,0.1268
1025,hard,train,52,0.0718
1026,hard,train,42,0.1526
1027,hard,train,39,0.0568
1028,hard,train,14,0.0641
1029,medium,train,42,0.0598
103,hard,train,19,0.0912
1030,hard,train,27,0.0656
1032,medium,train,15,0.0668
1034,easy,train,25,0.0608
1035,medium,train,26,0.0732
1036,hard,train,19,0.2735
104,medium,train,29,0.0673
1041,hard,test,23,0.0584
1043,hard,train,17,0.0669
1044,medium,train,32,0.0703
1046,hard,train,24,0.0604
1047,medium,train,31,0.0788
1049,medium,train,21,0.0702
1051,hard,train,20,0.0718
1054,easy,train,9,0.2847
1056,hard,train,28,0.0705
1058,hard,train,11,0.2815
1059,medium,train,9,0.1948
106,easy,train,11,0.2746
1061,medium,train,20,0.0821
1064,medium,train,7,0.2105
1068,medium,train,19,0.2871
1071,easy,train,11,0.2934
1073,medium,train,29,0.0614
1074,medium,train,15,0.0912
1076,hard,train,47,0.061
1077,medium,train,14,0.1055
1078,easy,train,34,0.0596
1080,hard,train,23,0.2874
1082,hard,test,24,0.2109
1087,easy,train,28,0.0717
1089,medium,train,25,0.0674
1091,medium,train,17,0.0597
1094,easy,train,43,0.0612
1095,hard,train,61,0.1121
1096,medium,train,39,0.1402
1097,medium,train,31,0.0603
1098,medium,train,22,0.0977
1100,easy,train,12,0.277
1101,medium,train,24,0.2644
1102,easy,train,14,0.0652
1103,hard,train,27,0.0947
1105,medium,train,6,0.2079
1107,hard,train,32,0.2954
111,hard,train,24,0.061
1111,easy,train,24,0.2662
1115,easy,train,38,0.066
1118,medium,train,43,0.0586
1120,medium,train,14,0.2762
1122,easy,train,10,0.1848
1123,medium,train,38,0.0613
1126,hard,train,16,0.1878
1128,medium,train,18,0.1832
113,medium,train,81,0.1466
1130,hard,train,16,0.1843
1131,medium,train,22,0.0556
1133,hard,train,22,0.0669
1134,hard,train,17,0.2292
1135,medium,train,19,0.0597
1136,easy,train,27,0.2598
1139,easy,train,20,0.0637
1140,hard,train,23,0.2713
1142,medium,train,23,0.2685
1144,easy,train,37,0.0661
1145,medium,train,42,0.0632
1146,medium,train,23,0.2649
1149,medium,train,40,0.2621
1154,medium,train,36,0.0641
1155,hard,train,30,0.2043
1157,hard,train,88,0.2001
1160,hard,train,39,0.0959
1161,hard,train,15,0.2044
1164,easy,train,19,0.267
1165,hard,train,36,0.0574
1166,medium,train,53,0.0771
1167,medium,train,20,0.1857
1169,medium,dev,12,0.3045
1172,medium,train,30,0.1503
1176,hard,train,33,0.0709
1179,medium,train,24,0.2652
118,hard,train,93,0.0522
1184,easy,train,21,0.0738
1186,hard,train,13,0.0915
119,medium,train,32,0.1488
1190,easy,train,23,0.0844
1191,hard,train,52,0.044
1193,hard,train,30,0.0647
1195,easy,train,26,0.2689
1196,easy,train,14,0.0659
1201,hard,train,25,0.07
1202,hard,train,19,0.0437
1203,medium,train,15,0.0495
1208,medium,train,78,0.0596
121,easy,train,35,0.1828
1210,medium,train,25,0.1887
1212,medium,train,23,0.0681
1213,medium,train,23,0.0582
1214,medium,train,15,0.191
1215,hard,train,59,0.0608
1219,hard,train,29,0.0826
1221,medium,train,39,0.0508
1222,easy,train,27,0.0618
1225,medium,train,24,0.0987
1226,easy,train,12,0.1892
1230,medium,train,66,0.1227
1232,easy,train,23,0.0757
1233,easy,test,25,0.0879
1234,medium,train,27,0.0694
1237,medium,train,11,0.0879
1238,easy,train,11,0.0819
1239,medium,train,34,0.062
124,hard,train,22,0.1215
1240,medium,train,24,0.0649
1241,medium,train,35,0.2679
1243,medium,train,19,0.276
1247,easy,test,13,0.1944
1249,medium,train,26,0.1395
125,hard,train,42,0.0606
1251,medium,train,12,0.231
1254,medium,train,16,0.2607
1255,medium,train,25,0.1876
1256,medium,train,27,0.0964
1258,medium,test,25,0.2049
1259,easy,train,19,0.2306
126,medium,train,11,0.0685
1260,hard,train,8,0.284
1264,medium,train,19,0.0641
1265,easy,train,37,0.0644
1267,hard,train,33,0.0748
1268,medium,train,35,0.0624
1270,easy,test,10,0.2008
1274,hard,dev,16,0.3209
1277,easy,train,68,0.0579
1278,easy,test,14,0.2485
1279,medium,train,31,0.0688
128,hard,train,20,0.0585
1280,medium,train,18,0.0786
1281,medium,train,12,0.0994
1283,easy,train,17,0.0857
1286,hard,train,40,0.0375
1287,hard,train,12,0.2697
1289,medium,train,10,0.2631
129,medium,train,17,0.1902
1292,hard,train,45,0.0428
1293,medium,train,18,0.0683
1294,easy,train,14,0.0856
1297,easy,train,8,0.0368
1298,medium,train,50,0.1355
13,easy,train,19,0.0839
1300,medium,train,11,0.0604
1301,easy,train,9,0.0812
1302,medium,train,43,0.0746
1303,medium,train,23,0.0942
1304,hard,train,34,0.2246
1307,medium,train,47,0.0757
1308,hard,train,15,0.1845
1310,medium,train,7,0.229
1311,hard,train,20,0.0799
1312,medium,train,47,0.1833
1318,hard,train,17,0.2304
1319,medium,train,31,0.0651
132,medium,train,22,0.0471
1321,easy,train,26,0.0492
1322,easy,train,19,0.2453
1323,hard,train,19,0.0674
1325,medium,train,52,0.0846
1328,hard,train,14,0.2861
1330,hard,train,13,0.1836
1332,easy,train,36,0.2632
1334,easy,train,14,0.1967
1335,medium,train,45,0.0686
1336,easy,train,5,0.2139
1337,easy,train,28,0.2724
1338,medium,train,16,0.078
1339,medium,train,17,0.0552
134,easy,train,13,0.294
1345,hard,train,5,0.2926
1346,medium,train,51,0.069
1348,hard,test,23,0.2361
1350,medium,train,42,0.0643
1354,easy,train,12,0.1887
1357,easy,train,22,0.2383
136,easy,train,33,0.0713
1362,easy,train,11,0.1561
1365,medium,train,19,0.0528
1367,hard,train,25,0.0657
1369,easy,train,13,0.0618
137,medium,train,20,0.1363
1372,easy,train,23,0.184
1375,easy,train,31,0.0581
1376,medium,train,10,0.0632
1377,easy,train,29,0.1538
1378,medium,test,32,0.2624
138,medium,train,27,0.0574
1380,medium,train,19,0.2467
1382,hard,train,11,0.1954
1384,easy,train,10,0.1937
139,easy,train,8,0.1008
1390,medium,test,8,0.2293
1392,medium,train,27,0.0594
1393,medium,train,31,0.2711
1394,hard,train,12,0.1921
1395,medium,train,18,0.1622
1396,hard,train,41,0.061
1398,easy,train,17,0.0628
14,hard,train,8,0.2265
140,medium,train,60,0.0803
1400,easy,train,21,0.2786
1404,medium,train,20,0.0613
1407,medium,train,68,0.058
1408,medium,train,25,0.1076
141,easy,train,16,0.2305
1412,easy,train,8,0.2074
1413,medium,train,24,0.0829
1416,medium,train,33,0.1276
1418,hard,train,12,0.1901
1424,medium,train,12,0.2234
1428,medium,train,34,0.0753
143,hard,train,29,0.1258
1432,easy,train,26,0.0836
1440,medium,train,20,0.0736
1441,hard,train,21,0.156
1444,hard,train,27,0.0651
1447,medium,train,14,0.269
1449,easy,train,11,0.1793
1452,medium,train,22,0.0802
1453,medium,train,43,0.1886
1456,medium,train,17,0.063
1457,medium,train,19,0.2796
1460,medium,test,31,0.2275
1461,medium,train,19,0.2442
1462,medium,train,13,0.273
1466,medium,train,21,0.2436
1469,medium,train,84,0.0838
1471,medium,train,10,0.0629
1472,medium,train,30,0.1347
1473,easy,train,21,0.0733
1474,medium,train,19,0.0624
1477,easy,train,11,0.2706
1480,medium,train,50,0.2654
1481,easy,train,10,0.2427
1482,hard,train,38,0.0714
1484,hard,train,19,0.0946
1485,medium,train,62,0.0698
1487,medium,train,29,0.0628
1488,medium,train,37,0.0568
1489,hard,train,36,0.0737
149,medium,train,25,0.0612
1490,medium,train,45,0.0768
1491,medium,train,31,0.2364
1494,easy,train,43,0.2561
1496,medium,train,21,0.0713
1497,medium,test,33,0.0635
1498,hard,train,16,0.0518
1499,medium,train,24,0.2554
1500,easy,train,26,0.0676
1502,hard,train,43,0.1848
1503,easy,train,14,0.084
1507,medium,train,35,0.0691
1508,hard,train,22,0.1835
151,medium,train,32,0.1896
1511,hard,train,29,0.1089
1512,hard,train,46,0.0541
1513,medium,train,38,0.2553
1517,medium,test,7,0.1861
152,medium,train,24,0.1512
1520,hard,train,36,0.0592
1523,medium,train,68,0.0675
1527,medium,train,26,0.0644
1528,hard,train,27,0.2335
153,easy,train,24,0.0781
1533,medium,train,15,0.1938
1534,easy,train,12,0.2781
1539,hard,train,51,0.113
1540,easy,train,27,0.1438
1542,hard,train,22,0.0684
1546,hard,train,38,0.0617
1551,medium,train,17,0.1903
1552,easy,train,25,0.0588
1553,medium,train,48,0.1296
1554,hard,train,15,0.0846
1555,medium,train,20,0.0531
1558,medium,train,35,0.0712
1559,easy,train,33,0.0635
156,medium,train,87,0.0847
1564,hard,train,34,0.0684
1565,medium,train,10,0.2554
1566,medium,test,21,0.0622
1568,hard,train,22,0.0962
1570,easy,train,7,0.1999
1571,hard,train,30,0.2722
1575,medium,train,34,0.0618
1579,medium,train,20,0.2712
158,medium,train,82,0.1883
1582,medium,train,18,0.1634
1584,hard,train,20,0.2003
1585,easy,train,17,0.1802
1586,hard,train,46,0.0629
1587,medium,train,14,0.2684
1588,medium,train,15,0.1985
1592,hard,train,14,0.1873
1597,hard,train,42,0.07
1598,medium,train,11,0.1947
16,medium,train,35,0.0698
160,easy,train,46,0.0811
1600,easy,train,16,0.1204
1601,medium,train,14,0.1097
1602,hard,train,49,0.0595
1603,easy,train,17,0.2738
1606,medium,train,24,0.2604
1607,medium,train,17,0.276
1609,medium,train,11,0.2085
1611,medium,train,15,0.06
1612,easy,train,14,0.076
1613,medium,train,14,0.1746
1614,easy,train,35,0.0814
1615,medium,train,48,0.0895
1618,easy,train,18,0.079
1619,medium,train,16,0.2018
1621,medium,test,7,0.2961
1622,medium,train,13,0.1851
1623,easy,train,47,0.0926
1628,easy,train,11,0.2154
163,easy,train,13,0.0569
1630,hard,train,33,0.0607
1638,easy,train,10,0.2456
1639,hard,train,12,0.0689
1641,medium,train,55,0.0581
1643,easy,train,27,0.177
1646,hard,train,21,0.2449
1648,medium,train,46,0.1111
165,easy,train,11,0.1871
1652,medium,train,47,0.063
1653,medium,train,16,0.2595
1654,medium,train,6,0.2632
1655,hard,train,40,0.1858
1656,medium,train,13,0.072
1657,medium,train,54,0.0644
1658,medium,train,21,0.045
1659,easy,train,21,0.1875
166,medium,train,54,0.0607
1661,medium,train,18,0.2692
1662,medium,train,18,0.1437
1663,easy,train,7,0.2789
1665,medium,train,27,0.0599
1669,easy,train,16,0.1911
167,medium,train,23,0.0966
1670,medium,train,11,0.1926
1672,medium,train,33,0.0612
1674,medium,train,40,0.0789
1675,easy,train,20,0.0688
1676,medium,train,26,0.0792
1677,medium,train,8,0.2971
1681,medium,train,29,0.0693
1682,hard,train,10,0.2978
1684,easy,train,13,0.1079
1686,hard,train,17,0.2169
1687,medium,train,20,0.0566
1688,medium,train,28,0.0614
1689,medium,test,23,0.0687
169,medium,train,19,0.2618
1690,medium,train,26,0.0714
1697,easy,train,11,0.1066
1698,easy,train,7,0.2841
17,hard,train,43,0.0653
1700,medium,train,31,0.0817
1703,medium,train,83,0.0595
1704,easy,train,7,0.2684
1705,medium,train,42,0.0631
1706,medium,train,54,0.0612
1708,medium,train,71,0.0551
1709,medium,train,26,0.1782
1710,hard,train,43,0.0564
1713,hard,train,11,0.1898
1715,easy,test,24,0.2435
1716,medium,train,24,0.0618
1718,medium,train,42,0.1271
1719,hard,train,11,0.0713
172,medium,train,12,0.0773
1723,medium,train,22,0.1932
1726,medium,train,67,0.0668
1728,medium,train,25,0.09
1730,medium,train,48,0.0457
1734,medium,train,19,0.0952
1735,hard,train,36,0.0633
1736,hard,train,12,0.1894
1740,medium,train,23,0.1818
1744,medium,train,17,0.2229
1747,medium,train,36,0.0617
1748,medium,train,13,0.0368
1749,easy,test,24,0.0746
1753,easy,train,16,0.0932
1756,medium,train,31,0.0618
1757,easy,train,32,0.0642
1762,medium,train,33,0.067
1764,easy,train,36,0.2569
1765,medium,train,45,0.0849
1767,hard,train,35,0.264
1768,medium,train,29,0.0659
177,medium,train,38,0.0677
1770,medium,train,13,0.2049
1771,easy,test,18,0.0677
1776,easy,train,11,0.1934
1778,medium,train,13,0.2461
1779,medium,train,58,0.0752
1781,easy,train,21,0.2255
1784,easy,train,30,0.0766
1785,hard,train,40,0.0494
1788,medium,train,24,0.1871
1791,medium,train,22,0.2639
1792,hard,train,16,0.1839
1794,easy,train,17,0.277
1795,easy,dev,6,0.3075
180,hard,train,20,0.133
1802,medium,train,26,0.0614
1804,medium,train,35,0.111
1805,hard,train,20,0.0591
1809,hard,test,45,0.0687
181,hard,train,31,0.1139
1810,hard,train,21,0.0609
1814,medium,train,23,0.0449
1815,medium,train,31,0.2415
182,hard,train,41,0.2717
1820,hard,train,41,0.0231
1824,medium,train,23,0.1877
1825,medium,train,21,0.0259
1826,hard,train,17,0.0622
1828,medium,train,21,0.2585
1834,easy,train,27,0.1482
1836,hard,train,24,0.0701
1837,easy,train,10,0.1791
1839,medium,test,10,0.2043
1840,medium,train,32,0.086
1841,easy,train,10,0.2822
1844,hard,train,26,0.0597
1847,medium,train,15,0.2588
1849,medium,train,9,0.0972
1851,hard,train,5,0.2709
1852,medium,train,40,0.0595
1855,medium,train,47,0.0723
1856,medium,train,20,0.2709
1859,medium,train,38,0.1871
1861,easy,train,10,0.2773
1865,medium,train,13,0.0719
1866,easy,train,14,0.0894
1868,easy,train,30,0.2591
1870,medium,train,19,0.1834
1871,medium,train,31,0.2737
1875,medium,train,31,0.0581
1876,easy,train,8,0.087
1879,easy,train,30,0.187
1881,medium,train,7,0.2357
1882,medium,train,23,0.0656
1883,easy,train,6,0.2791
1889,medium,train,43,0.2537
1890,hard,test,13,0.2586
1891,hard,train,38,0.0606
1894,hard,train,21,0.0443
1896,medium,train,47,0.0664
1897,medium,train,46,0.0914
19,hard,train,48,0.0562
1900,hard,train,68,0.0477
1901,hard,train,35,0.0656
1904,easy,train,35,0.1868
1906,hard,train,46,0.2619
1908,easy,test,19,0.2762
1911,easy,train,11,0.0927
1912,medium,train,78,0.0577
1918,medium,train,53,0.0734
1919,medium,train,24,0.2711
192,medium,train,21,0.2638
1920,medium,train,29,0.0724
1921,easy,train,4,0.1838
1922,medium,train,54,0.0539
1923,medium,train,24,0.2085
1924,medium,train,11,0.2745
1925,medium,train,16,0.04
1927,medium,train,30,0.2691
1929,medium,train,22,0.2811
193,medium,train,22,0.2327
1933,hard,train,20,0.0597
1936,hard,train,86,0.057
1938,medium,train,72,0.0586
194,medium,train,21,0.1877
1940,hard,train,18,0.2401
1942,medium,test,20,0.1151
1943,easy,train,12,0.0763
1944,medium,train,40,0.0533
1945,easy,train,18,0.2444
1946,hard,train,14,0.1904
1947,easy,train,33,0.0669
195,medium,train,70,0.0529
1951,medium,train,25,0.2666
1954,easy,train,16,0.1895
1956,easy,train,12,0.0643
1957,medium,train,15,0.0676
1958,hard,train,26,0.2683
1959,medium,train,58,0.0437
1966,medium,train,27,0.1466
1967,medium,train,17,0.1856
1968,easy,train,16,0.1861
1969,medium,train,20,0.0562
1970,hard,train,23,0.1934
1971,medium,train,11,0.2413
1973,medium,train,46,0.0663
1974,hard,train,24,0.1888
1976,medium,train,41,0.1008
1977,medium,train,25,0.1886
1979,easy,train,19,0.1863
1985,medium,train,16,0.0658
1989,easy,train,15,0.184
199,easy,train,13,0.0903
1990,medium,train,39,0.2678
1994,easy,train,18,0.0665
1995,hard,train,34,0.0539
1997,easy,train,17,0.2644
1999,medium,train,23,0.1094
20,easy,train,61,0.0592
200,medium,train,25,0.0744
2000,hard,train,33,0.0741
2002,easy,train,28,0.0601
2003,medium,train,22,0.1861
2004,medium,train,45,0.0654
2009,easy,train,19,0.0745
2010,medium,train,27,0.0846
2012,easy,train,12,0.0675
2014,hard,train,64,0.0702
2015,hard,train,7,0.1029
2016,medium,train,54,0.1442
202,medium,train,71,0.0816
2022,easy,train,17,0.2583
2023,easy,train,8,0.2752
2024,hard,train,8,0.2789
2025,easy,train,7,0.086
2029,medium,train,32,0.0657
203,medium,train,15,0.0657
2031,easy,train,18,0.2786
2032,medium,train,20,0.1878
2033,easy,train,24,0.2651
2039,easy,train,31,0.1175
204,hard,train,28,0.2431
2041,easy,train,41,0.1347
2043,easy,train,20,0.276
2044,hard,train,39,0.0712
2045,medium,train,19,0.1821
2046,medium,train,12,0.0628
2047,hard,train,42,0.2555
2048,easy,train,10,0.2699
2049,medium,train,28,0.061
205,hard,train,35,0.1906
2051,medium,test,27,0.0652
2052,hard,train,37,0.2112
2053,easy,train,12,0.2843
2058,hard,train,13,0.0602
2060,medium,train,41,0.0562
2063,medium,test,33,0.0636
2066,medium,train,53,0.1308
2072,medium,train,51,0.0866
2074,medium,train,13,0.0865
2075,medium,train,24,0.0715
2076,easy,test,19,0.1844
2079,easy,train,13,0.2657
208,medium,train,19,0.1587
2080,easy,train,12,0.2505
2083,medium,train,11,0.0929
2084,medium,test,12,0.1885
2085,easy,train,14,0.0594
2087,medium,train,16,0.1937
2088,hard,train,19,0.0584
2090,medium,train,15,0.28
2094,hard,train,25,0.2268
2097,medium,train,11,0.0927
2098,medium,train,18,0.072
210,hard,train,39,0.1195
2101,medium,train,18,0.2664
2102,easy,train,17,0.2736
2103,hard,train,14,0.182
2105,medium,train,20,0.1901
2106,medium,train,37,0.0622
211,medium,train,26,0.1888
2111,hard,train,6,0.0591
2113,easy,train,9,0.2285
2114,easy,train,23,0.0783
2116,hard,train,14,0.1881
2118,medium,train,29,0.0648
2119,easy,train,11,0.2078
212,easy,train,10,0.1724
2120,medium,train,26,0.0974
2121,medium,train,25,0.0753
2123,medium,train,37,0.2372
2124,hard,train,13,0.1944
2125,medium,train,14,0.2159
2127,easy,train,13,0.2631
2128,medium,train,18,0.0932
2129,medium,train,16,0.267
2130,hard,train,30,0.0861
2131,easy,train,15,0.2675
2133,hard,train,28,0.1444
2134,hard,train,43,0.0685
2135,easy,train,17,0.0739
2139,hard,train,24,0.0627
2141,medium,train,16,0.1735
2144,medium,train,27,0.2654
2148,medium,train,14,0.0747
215,hard,train,10,0.1885
2150,easy,train,22,0.0497
2152,hard,train,28,0.2632
2154,medium,train,72,0.1452
2157,hard,train,11,0.0747
2158,medium,train,13,0.0688
2159,hard,test,10,0.2177
216,easy,train,10,0.2817
2160,medium,test,78,0.1972
2161,hard,train,46,0.0754
2162,easy,train,9,0.0617
2163,easy,train,26,0.0771
2165,medium,train,47,0.0821
2166,medium,train,19,0.2684
2168,medium,train,77,0.0465
2170,easy,train,11,0.0937
2174,hard,train,19,0.0367
2175,easy,test,25,0.1098
218,medium,train,38,0.0693
2180,easy,train,22,0.1887
2185,hard,train,51,0.0543
2189,medium,train,18,0.2746
219,easy,train,8,0.2631
2193,medium,train,10,0.2695
2194,medium,train,67,0.0699
2196,medium,train,16,0.0707
2198,medium,train,12,0.2626
22,medium,train,29,0.1678
2200,medium,train,33,0.274
2202,hard,train,55,0.0919
2204,easy,train,6,0.2043
2208,easy,test,8,0.2007
221,easy,train,10,0.1238
2211,easy,train,13,0.2484
2213,medium,train,24,0.0763
2215,hard,test,19,0.1758
2217,hard,train,8,0.2839
2218,easy,train,18,0.0666
2219,easy,train,43,0.069
222,medium,train,22,0.0761
2222,medium,test,21,0.0716
2224,easy,train,14,0.0695
2228,easy,train,15,0.2789
2229,hard,train,24,0.0571
223,hard,train,12,0.1843
2231,medium,train,30,0.0679
2232,medium,train,13,0.283
2235,medium,train,25,0.173
2237,medium,train,14,0.2647
2238,medium,train,35,0.0621
2241,medium,train,21,0.0681
2243,medium,test,28,0.0998
2244,medium,train,21,0.0677
2247,medium,train,19,0.1833
2248,medium,train,23,0.0598
2249,easy,train,32,0.0706
225,easy,train,21,0.2449
2252,hard,test,55,0.0503
2256,medium,train,6,0.2293
2257,medium,train,15,0.275
2259,easy,train,8,0.1935
226,easy,train,12,0.2182
2263,easy,train,22,0.2047
2264,medium,train,11,0.2574
2267,hard,train,50,0.054
2269,medium,train,28,0.2704
227,hard,train,9,0.1887
2270,medium,train,12,0.2056
2273,hard,train,51,0.0644
2276,easy,train,12,0.0923
2277,easy,train,12,0.2582
2280,medium,train,56,0.049
2281,medium,train,34,0.0704
2282,medium,train,25,0.0542
2283,easy,train,18,0.0662
2284,medium,train,21,0.0874
2286,medium,train,15,0.2748
2288,easy,train,10,0.277
2289,easy,train,16,0.2697
229,medium,train,38,0.1221
2290,hard,train,8,0.2068
2292,medium,train,28,0.1142
2294,hard,train,13,0.2554
2295,medium,train,20,0.046
2296,medium,train,35,0.0541
2299,hard,train,12,0.1384
2304,hard,train,53,0.0754
2308,medium,train,30,0.177
2309,medium,train,16,0.0886
231,easy,train,19,0.2689
2310,medium,train,49,0.0593
2311,medium,train,33,0.068
2313,easy,train,11,0.0919
2314,hard,train,16,0.2654
2315,medium,train,15,0.0646
2316,hard,train,21,0.1854
2317,medium,train,10,0.0529
2319,medium,train,21,0.0603
2324,hard,train,30,0.0671
2325,medium,train,38,0.0509
2326,hard,train,45,0.0503
2327,hard,train,48,0.0569
2332,hard,train,56,0.0555
2343,hard,train,16,0.1906
2344,hard,train,25,0.0925
2349,medium,train,53,0.0665
235,medium,train,24,0.1996
2352,medium,train,70,0.1268
2353,medium,train,41,0.057
2355,medium,train,19,0.2776
2356,hard,train,52,0.0659
2358,hard,test,24,0.1925
2359,easy,train,41,0.0671
236,hard,train,43,0.0623
2360,hard,train,32,0.2548
2361,medium,train,13,0.1926
2363,medium,train,16,0.1893
2364,medium,train,23,0.1005
2365,easy,train,17,0.1159
237,hard,train,48,0.0783
2373,medium,train,47,0.0848
2374,medium,train,14,0.1909
2375,hard,train,46,0.0818
2377,easy,train,26,0.0747
2378,hard,train,23,0.2617
2379,hard,train,6,0.0535
2380,medium,train,32,0.0545
2381,medium,train,31,0.0796
2382,medium,train,19,0.0667
2385,medium,train,40,0.2569
2387,medium,train,22,0.2348
2392,easy,train,29,0.0708
2393,hard,train,34,0.0582
2395,medium,train,18,0.2029
240,easy,train,19,0.1967
2401,hard,train,33,0.1398
2403,medium,train,38,0.2674
2404,medium,train,12,0.2318
2406,easy,train,11,0.2425
2407,hard,train,26,0.25
2408,easy,train,8,0.2753
2409,easy,train,23,0.0716
241,easy,train,69,0.0773
2410,medium,train,19,0.2541
2411,hard,train,31,0.0657
2412,easy,train,33,0.0664
2413,easy,train,11,0.0857
2415,easy,train,29,0.2769
2417,medium,train,27,0.0859
2419,hard,train,19,0.0605
2420,easy,train,70,0.1397
2424,medium,train,72,0.0604
2425,easy,train,20,0.0679
2426,medium,train,27,0.1914
2427,medium,train,22,0.0951
2428,hard,train,16,0.0602
2429,easy,train,11,0.2948
2433,hard,train,79,0.1406
2434,medium,train,17,0.0622
2435,medium,train,26,0.0902
2436,medium,train,21,0.087
2437,medium,train,17,0.2757
2438,medium,train,33,0.0659
2442,easy,train,11,0.0627
2443,hard,train,64,0.073
2444,hard,train,25,0.0547
2445,medium,train,43,0.0698
2446,hard,train,48,0.0918
2448,easy,train,36,0.26
245,hard,train,19,0.1611
2450,medium,train,17,0.061
2453,hard,train,57,0.0531
2456,easy,train,24,0.1913
2457,hard,train,11,0.1302
2458,hard,train,57,0.0662
246,medium,train,15,0.0904
2465,easy,train,6,0.1958
2466,easy,train,10,0.0666
2467,medium,train,7,0.1702
2469,medium,train,16,0.0622
247,medium,train,55,0.0584
2472,medium,train,26,0.0745
2477,easy,train,18,0.2528
2479,easy,train,22,0.0717
248,easy,train,15,0.1912
2480,hard,train,40,0.0655
2481,easy,train,20,0.0712
2482,medium,train,32,0.0604
2483,medium,train,22,0.1258
2488,easy,train,16,0.2726
2489,medium,train,40,0.0749
2491,hard,train,23,0.1871
2493,hard,train,55,0.0805
2495,medium,train,55,0.1318
2497,medium,train,42,0.0607
2498,medium,train,24,0.1767
2500,medium,train,10,0.0845
2503,easy,train,21,0.0989
2504,hard,train,63,0.089
2507,hard,train,29,0.071
2509,medium,train,14,0.0642
251,hard,train,51,0.0652
2511,medium,train,7,0.0731
2513,hard,train,26,0.2858
2515,medium,train,17,0.255
2518,medium,train,14,0.2415
2521,easy,train,24,0.1022
2522,medium,train,45,0.1869
2524,hard,train,14,0.19
2526,hard,train,6,0.2543
2527,medium,train,52,0.1295
2528,hard,train,9,0.0828
253,medium,train,12,0.1817
2533,easy,train,11,0.036
2539,medium,train,9,0.0812
2540,hard,train,16,0.1854
2541,easy,train,21,0.1877
2542,medium,train,15,0.0717
2546,hard,train,8,0.1869
2548,medium,train,18,0.2895
2549,easy,train,36,0.0549
2550,medium,train,23,0.2648
2551,hard,train,32,0.1888
2554,medium,train,23,0.2859
2555,hard,train,18,0.1891
2562,medium,train,27,0.0583
2565,medium,train,22,0.1895
2567,hard,train,18,0.1917
2569,easy,train,7,0.0539
2570,hard,train,10,0.1545
2572,easy,train,15,0.0659
2573,medium,train,21,0.2739
2576,easy,train,15,0.0979
2577,medium,train,8,0.2725
2578,medium,train,78,0.1041
2579,medium,train,13,0.2491
258,medium,train,20,0.0629
2580,hard,train,59,0.1313
2583,hard,train,6,0.076
2585,medium,train,31,0.1117
2586,hard,train,35,0.1894
2587,hard,train,34,0.0708
2588,hard,train,16,0.1905
2589,medium,train,25,0.0599
259,medium,train,8,0.2324
2593,hard,train,31,0.0652
2594,hard,train,20,0.0248
2597,medium,train,18,0.0932
260,easy,train,16,0.1917
2602,easy,train,13,0.1376
2603,easy,train,14,0.245
2607,hard,train,12,0.1133
2608,medium,train,19,0.0843
261,easy,train,29,0.0377
2612,easy,train,37,0.016
2613,medium,train,21,0.0562
2614,medium,train,15,0.2158
2615,easy,dev,6,0.3066
2616,medium,train,6,0.0662
2617,medium,test,34,0.1897
2618,medium,train,51,0.0511
262,medium,train,11,0.2034
2623,medium,test,11,0.1815
2628,medium,train,49,0.0673
263,medium,train,28,0.0768
2632,medium,train,29,0.0813
2633,easy,test,35,0.1509
2635,hard,train,13,0.2804
2639,medium,train,11,0.0768
2641,easy,train,21,0.072
2642,hard,train,27,0.1887
2644,medium,train,15,0.0648
2646,easy,train,23,0.0813
2647,easy,test,17,0.265
2649,medium,train,22,0.2627
2650,medium,train,17,0.2765
2653,medium,train,50,0.2053
2655,easy,train,23,0.1511
2657,medium,train,19,0.0741
2661,medium,train,25,0.2714
2662,medium,train,84,0.1322
2664,medium,train,90,0.0564
2665,hard,train,22,0.1509
2666,medium,train,21,0.2396
2667,medium,train,46,0.0854
267,medium,train,15,0.1993
2671,easy,train,29,0.0998
2673,easy,train,13,0.1039
2675,medium,train,29,0.2701
2676,easy,train,12,0.0648
2678,hard,train,15,0.0546
2679,hard,train,39,0.1238
268,medium,test,8,0.0332
2680,medium,train,38,0.0582
2683,easy,test,14,0.1882
2684,hard,train,16,0.267
2685,easy,train,59,0.1774
2687,medium,train,17,0.0786
2690,easy,train,11,0.0885
2691,medium,train,19,0.2176
2694,medium,train,12,0.22
2697,medium,train,23,0.069
2698,hard,train,17,0.0677
2702,hard,train,14,0.1949
2707,medium,train,25,0.1864
2708,medium,train,51,0.2311
2709,easy,train,15,0.1994
2710,easy,train,11,0.289
2711,medium,train,42,0.1432
2713,easy,train,28,0.0643
2714,hard,train,14,0.2101
2716,medium,train,55,0.0521
2717,hard,train,23,0.0582
2721,easy,train,16,0.0989
2728,hard,train,11,0.186
2732,hard,train,17,0.0698
2733,hard,train,43,0.0963
2734,hard,train,17,0.2714
2735,easy,train,26,0.0885
2736,medium,train,6,0.0702
2738,medium,train,49,0.048
274,medium,train,13,0.283
2740,medium,train,9,0.0916
2742,easy,train,41,0.1352
2743,easy,train,7,0.2396
2744,medium,train,44,0.066
2745,easy,test,11,0.2821
2746,hard,train,10,0.0787
2747,easy,train,33,0.0858
2748,easy,train,17,0.1908
2750,medium,train,18,0.0778
2751,medium,train,51,0.0704
2756,medium,test,12,0.1938
2758,easy,train,9,0.273
2759,hard,train,20,0.2278
276,hard,train,17,0.2424
2760,easy,train,14,0.0645
2762,easy,train,23,0.0638
2763,medium,train,16,0.0663
277,hard,dev,20,0.3173
2770,medium,train,13,0.2177
2774,easy,train,12,0.0716
2775,hard,train,41,0.071
2777,medium,test,13,0.0684
2778,easy,train,58,0.0784
2779,medium,train,19,0.0789
2784,medium,train,34,0.1793
2788,easy,train,13,0.1208
2794,hard,test,23,0.2735
2797,medium,train,66,0.1922
2798,hard,test,14,0.2695
2799,easy,train,8,0.0856
28,medium,train,51,0.1172
2801,hard,train,18,0.0769
2803,easy,train,15,0.0885
2805,medium,train,37,0.2704
2806,medium,train,12,0.1187
2809,easy,train,23,0.0665
281,easy,train,21,0.0737
2817,easy,train,12,0.2318
2819,hard,train,25,0.0747
2822,easy,train,14,0.2756
2823,medium,train,33,0.0833
2827,hard,train,28,0.0611
2830,easy,train,15,0.1266
2834,medium,train,32,0.2628
2835,medium,train,47,0.0642
2836,medium,train,48,0.1434
2837,medium,train,57,0.1274
2838,medium,train,64,0.2342
2839,medium,train,16,0.0671
284,medium,train,54,0.0513
2845,easy,train,28,0.0633
2848,medium,train,29,0.0544
285,medium,train,22,0.1943
2850,medium,train,32,0.0577
2851,medium,train,30,0.0686
2852,medium,train,4,0.1671
2853,easy,train,14,0.2411
2854,medium,train,26,0.1131
2855,medium,train,14,0.2791
2856,medium,train,17,0.1863
2857,medium,train,13,0.2831
2858,medium,train,51,0.0663
2859,medium,train,17,0.0784
286,medium,train,31,0.1026
2860,easy,train,32,0.0633
2861,easy,train,44,0.0646
2862,easy,train,17,0.269
2863,medium,train,29,0.1344
2864,easy,train,29,0.0905
2865,medium,train,14,0.2441
2867,easy,train,14,0.2016
2868,medium,train,26,0.0867
2869,medium,train,9,0.225
2871,hard,train,31,0.0464
2872,hard,train,31,0.049
2875,easy,train,18,0.269
2878,easy,train,25,0.1767
2880,medium,train,13,0.1832
2881,easy,train,38,0.1921
2884,easy,train,12,0.2007
2885,hard,train,22,0.1996
2887,medium,test,9,0.2652
2888,hard,train,24,0.1354
2889,medium,train,17,0.0767
2890,medium,train,25,0.0566
2892,medium,train,16,0.1838
2894,hard,dev,11,0.3122
2895,hard,train,15,0.0771
2896,medium,test,6,0.215
2897,hard,train,15,0.1828
29,medium,train,60,0.0672
2900,medium,train,15,0.1698
2905,easy,train,38,0.0613
2906,medium,train,22,0.0767
2909,medium,train,16,0.0627
291,medium,train,16,0.1491
2911,medium,train,74,0.0484
2912,medium,train,23,0.2661
2914,hard,train,26,0.0613
2916,medium,train,11,0.213
2918,medium,train,12,0.1864
2919,medium,train,10,0.0416
292,hard,test,4,0.2172
2921,medium,train,22,0.1827
2922,medium,train,19,0.0705
2923,medium,train,28,0.2626
2924,medium,train,21,0.079
2925,easy,train,22,0.189
2926,medium,train,18,0.2671
2927,medium,train,23,0.0591
293,easy,train,28,0.0635
2930,easy,train,41,0.0704
2931,hard,train,34,0.0318
2933,easy,train,18,0.1439
2934,medium,train,29,0.2237
2937,easy,test,30,0.186
2941,hard,train,27,0.1987
2942,medium,train,23,0.1831
2943,easy,train,56,0.0674
2944,hard,train,23,0.0778
2945,medium,train,56,0.0702
2946,hard,train,11,0.1869
2949,medium,train,32,0.0641
295,easy,train,42,0.0593
2950,medium,train,20,0.1777
2951,hard,train,38,0.2046
2952,hard,train,40,0.0857
2953,easy,train,16,0.1873
2954,medium,train,43,0.0773
2955,medium,train,17,0.0698
2956,easy,train,39,0.061
2958,medium,train,23,0.0787
296,medium,train,35,0.0608
2966,hard,train,18,0.0595
2967,medium,train,26,0.1974
297,medium,train,20,0.0693
2971,hard,train,35,0.0905
2972,medium,train,22,0.0782
2974,hard,train,53,0.0665
2975,medium,train,31,0.0617
2979,hard,train,12,0.1897
298,hard,train,10,0.1928
2980,easy,train,21,0.0559
2981,medium,train,34,0.0658
2982,medium,train,57,0.127
2987,easy,train,17,0.0872
2990,medium,train,19,0.2862
2992,medium,train,22,0.0637
2997,medium,train,19,0.2774
2998,medium,train,11,0.165
3,medium,train,7,0.291
3000,hard,test,15,0.0593
3003,medium,train,16,0.1378
3007,hard,train,11,0.1849
301,medium,train,34,0.2658
3010,easy,train,21,0.0777
3012,easy,train,9,0.2241
3013,medium,train,9,0.2757
3015,medium,train,6,0.1401
302,easy,train,17,0.1845
3020,medium,test,21,0.0624
3021,medium,train,13,0.2407
3022,medium,test,38,0.188
3023,hard,train,22,0.1684
3025,hard,train,11,0.269
3027,medium,train,8,0.0645
3028,hard,train,33,0.1366
3029,medium,train,23,0.1919
3030,medium,train,33,0.0709
3031,easy,train,24,0.258
3034,hard,train,22,0.0662
3037,medium,train,42,0.0666
3041,hard,train,12,0.1908
3042,medium,train,25,0.0568
3046,medium,train,13,0.0837
3047,medium,train,22,0.0678
3049,easy,test,20,0.173
305,medium,train,30,0.2611
3050,medium,train,14,0.062
3053,hard,train,36,0.1477
3058,medium,train,67,0.0691
306,medium,train,49,0.0726
3060,easy,train,30,0.0706
3062,easy,train,43,0.1894
3065,medium,train,6,0.1688
3068,easy,test,23,0.2305
3070,easy,train,28,0.0835
3071,medium,train,15,0.2737
3072,easy,train,16,0.0991
3073,medium,train,75,0.0591
3074,hard,train,30,0.0816
3075,medium,train,27,0.0592
3076,easy,train,16,0.1564
308,hard,train,36,0.0617
3085,medium,train,13,0.0857
3089,hard,train,43,0.2427
309,medium,train,43,0.0596
3091,easy,train,13,0.0628
3092,medium,train,21,0.0858
3093,hard,train,63,0.0688
3094,hard,train,45,0.0609
3095,hard,train,13,0.0607
3096,medium,train,28,0.0909
3098,easy,train,52,0.1472
31,medium,train,22,0.0699
3100,easy,train,9,0.2853
3102,easy,train,17,0.0465
3103,hard,train,34,0.083
3105,easy,train,15,0.2678
3106,hard,train,25,0.0588
311,easy,train,11,0.19
3112,medium,test,31,0.0637
3113,hard,train,55,0.0404
3114,medium,train,15,0.0644
3117,hard,train,59,0.2617
3118,medium,train,37,0.0698
3121,hard,train,75,0.0639
3122,easy,train,30,0.0721
3125,easy,train,66,0.07
3126,easy,train,11,0.0868
3130,medium,train,45,0.1269
3131,easy,train,14,0.2833
3132,easy,train,11,0.2837
3135,medium,train,22,0.0784
3143,easy,train,39,0.2516
3144,hard,train,16,0.19
3145,hard,train,66,0.0587
3146,easy,train,89,0.0689
3148,medium,train,72,0.1004
3149,medium,train,40,0.0664
3150,medium,train,71,0.0599
3153,easy,train,13,0.107
3159,easy,train,12,0.0706
316,medium,train,19,0.0286
3166,medium,train,26,0.2889
3167,medium,train,28,0.0643
3169,easy,train,19,0.0722
3170,medium,train,27,0.0894
3172,medium,train,31,0.0852
3174,medium,train,11,0.2449
3175,medium,train,22,0.0639
3176,medium,train,11,0.0518
3177,medium,train,23,0.1297
318,easy,train,20,0.0514
3182,medium,train,10,0.2821
3184,easy,train,33,0.0889
3185,medium,train,22,0.1977
3187,medium,train,16,0.2464
3189,hard,train,32,0.1333
319,medium,train,18,0.0629
3190,medium,train,19,0.2511
3191,medium,train,17,0.1944
3196,medium,test,44,0.0657
3198,easy,train,7,0.0619
3199,easy,train,19,0.2556
320,medium,train,19,0.2667
3200,medium,train,18,0.084
3205,medium,train,14,0.0671
3207,easy,train,17,0.117
3209,medium,train,58,0.1775
321,medium,train,38,0.0577
3211,easy,train,33,0.0624
3213,hard,train,47,0.1878
3214,medium,train,25,0.0985
3216,easy,train,23,0.0582
3220,hard,train,49,0.2381
3221,medium,train,20,0.0652
3223,medium,train,48,0.0644
3227,medium,train,27,0.2606
3229,hard,train,28,0.0599
3231,medium,train,26,0.0678
3232,medium,train,25,0.1616
3236,medium,train,23,0.2698
3238,medium,train,42,0.2679
3239,easy,train,8,0.1257
324,medium,train,36,0.0949
3240,easy,train,29,0.0708
3241,medium,train,24,0.2698
3242,easy,train,24,0.1949
3245,medium,train,10,0.1881
3248,medium,train,39,0.0548
3249,easy,train,28,0.0716
325,hard,train,19,0.0988
3253,hard,train,20,0.2636
3256,medium,train,33,0.0648
3258,medium,train,43,0.0917
3261,medium,train,21,0.275
3262,medium,train,8,0.1928
3264,hard,train,14,0.2065
3265,medium,train,30,0.2564
3267,hard,train,54,0.0602
3268,medium,train,16,0.1909
3270,hard,train,41,0.046
3273,hard,train,35,0.0445
3275,easy,train,30,0.0596
3278,medium,train,19,0.1883
3279,medium,train,31,0.0559
3283,medium,train,25,0.1897
3287,medium,train,72,0.0631
329,medium,train,19,0.1931
3291,easy,train,52,0.0501
3294,easy,train,13,0.2547
3296,easy,train,23,0.0632
3298,hard,test,24,0.265
3299,medium,train,18,0.0761
330,medium,train,29,0.1509
3300,hard,train,39,0.0972
3301,medium,train,8,0.288
3302,medium,train,27,0.1869
3303,medium,train,28,0.1403
3304,medium,train,25,0.067
3311,medium,train,72,0.0583
3312,hard,train,21,0.0792
3314,medium,train,22,0.2786
3315,medium,train,34,0.0736
3316,medium,train,16,0.1863
3317,medium,train,40,0.0609
3319,medium,train,26,0.2727
332,hard,train,12,0.1014
3320,hard,train,13,0.1638
3321,medium,train,42,0.0415
3325,medium,train,41,0.065
3328,hard,test,30,0.0629
3329,medium,train,27,0.0658
3330,medium,train,45,0.0795
3331,medium,train,45,0.0474
3332,medium,train,46,0.0951
3335,easy,train,17,0.1869
3338,medium,train,30,0.0725
3339,easy,train,18,0.2704
3340,easy,train,17,0.0677
3343,medium,train,26,0.1851
3344,medium,train,44,0.0618
3348,medium,train,41,0.0774
335,medium,dev,18,0.3295
3350,easy,train,8,0.2091
3351,hard,train,31,0.1863
3352,medium,train,25,0.0556
3353,medium,test,13,0.2728
3359,easy,train,20,0.1416
336,medium,train,12,0.2199
3366,easy,train,14,0.0788
3367,easy,train,20,0.0827
3368,hard,train,34,0.2177
3369,medium,train,30,0.0548
3370,hard,train,28,0.2141
3372,medium,train,23,0.1888
3373,medium,train,64,0.0576
3374,easy,train,16,0.068
3376,medium,train,22,0.07
3377,hard,train,14,0.0703
3378,medium,train,11,0.1586
3379,easy,train,23,0.0786
338,medium,train,26,0.0608
3384,hard,train,29,0.2347
3385,medium,train,43,0.0637
3386,hard,train,10,0.2773
3387,easy,train,12,0.2813
3390,easy,train,19,0.2063
3394,medium,train,46,0.063
3395,medium,train,22,0.1873
3398,hard,train,27,0.0458
3399,medium,train,30,0.0656
34,medium,train,86,0.0567
3400,medium,train,20,0.1226
3407,medium,train,19,0.034
3408,hard,dev,3,0.3029
341,hard,train,15,0.1929
3411,medium,train,13,0.1944
3412,hard,train,14,0.0581
3413,easy,train,16,0.0621
3414,medium,train,27,0.0646
3417,medium,train,40,0.1826
3418,hard,train,33,0.0302
342,easy,train,53,0.0854
3422,easy,train,32,0.0666
3423,hard,train,15,0.1876
3424,medium,train,32,0.2724
3425,hard,train,13,0.1543
3426,hard,train,19,0.062
343,medium,train,23,0.0868
3430,medium,test,13,0.2048
3431,easy,train,53,0.046
3432,medium,train,16,0.2651
3434,medium,train,19,0.0633
3435,medium,train,18,0.0764
3436,medium,train,27,0.0618
3437,hard,train,16,0.2011
3439,hard,train,26,0.187
344,medium,train,18,0.1861
3443,easy,train,14,0.1931
3444,medium,train,13,0.2527
3447,hard,train,23,0.1097
3449,medium,train,41,0.0877
345,medium,train,74,0.092
3450,easy,train,71,0.1127
3454,medium,train,34,0.2666
3458,hard,train,21,0.0609
3462,medium,train,34,0.0679
3466,medium,dev,31,0.3145
3467,medium,train,15,0.271
3468,medium,train,35,0.0718
347,medium,train,4,0.0696
3470,easy,train,26,0.0392
3471,hard,train,8,0.231
3472,easy,train,11,0.0747
3475,medium,train,33,0.0796
3476,hard,train,19,0.0419
3477,easy,train,36,0.1823
3478,medium,train,52,0.0646
348,medium,train,33,0.0725
3480,hard,train,25,0.1825
3482,hard,train,28,0.2435
3484,hard,train,32,0.2956
3488,hard,train,35,0.0667
3490,medium,train,23,0.1078
3492,medium,train,17,0.0413
3498,medium,train,24,0.1506
3499,medium,train,53,0.0599
35,easy,train,13,0.2445
350,easy,train,16,0.2783
3500,medium,train,20,0.079
3501,easy,train,15,0.0782
3503,medium,train,26,0.0812
3505,medium,train,33,0.0601
3507,easy,train,22,0.2848
351,hard,train,35,0.2484
3510,hard,train,27,0.1923
3514,medium,train,20,0.0682
3515,medium,train,29,0.1483
3516,hard,train,40,0.0588
3517,easy,train,27,0.09
352,hard,train,8,0.2574
3520,medium,train,17,0.1851
3521,hard,train,45,0.0877
3522,medium,train,16,0.1786
3523,medium,train,11,0.2411
3524,hard,train,50,0.0491
3529,medium,train,8,0.0642
353,medium,train,38,0.0788
3531,hard,train,38,0.2805
3532,hard,train,20,0.0552
3533,hard,train,44,0.0694
3536,easy,test,20,0.2654
3537,hard,train,50,0.0851
3538,hard,train,10,0.029
354,medium,train,33,0.1017
3542,easy,train,17,0.2841
3543,medium,train,8,0.2735
3544,hard,train,24,0.0728
3545,hard,train,36,0.0743
3550,medium,train,52,0.1014
3552,medium,train,19,0.1835
3554,hard,train,23,0.2444
3555,medium,train,38,0.076
3557,medium,train,13,0.1873
356,easy,train,16,0.2678
3560,medium,train,27,0.0718
3561,hard,train,19,0.1839
3562,hard,train,36,0.0358
3563,hard,train,17,0.1337
3564,easy,train,14,0.0794
3565,hard,train,32,0.0874
3566,medium,train,43,0.119
3569,easy,test,18,0.0471
3570,medium,train,12,0.1497
3572,medium,train,44,0.0834
3573,medium,train,29,0.0648
3575,easy,train,9,0.2701
3576,medium,train,42,0.0587
3578,hard,train,30,0.0921
3579,hard,test,21,0.2043
3581,medium,train,13,0.057
3582,medium,train,36,0.0513
3583,easy,train,11,0.2174
3585,medium,train,16,0.0881
359,medium,train,54,0.0734
3596,easy,train,11,0.0637
3597,medium,train,18,0.2619
3599,medium,train,14,0.2163
36,easy,test,12,0.2759
360,hard,train,14,0.2764
3600,hard,train,10,0.0911
3603,medium,train,33,0.0705
3605,medium,train,31,0.2734
3606,medium,train,46,0.134
3608,medium,train,23,0.0724
3611,medium,train,18,0.0639
3612,medium,train,8,0.2327
3613,hard,dev,17,0.3156
3615,medium,train,14,0.287
3617,medium,train,19,0.2011
3618,medium,train,29,0.1295
3621,hard,train,33,0.041
3626,easy,train,16,0.1885
3627,medium,train,6,0.1929
3629,easy,train,51,0.0663
363,medium,train,50,0.0448
3630,easy,train,4,0.1983
3631,hard,train,50,0.0482
3634,medium,train,10,0.1903
3635,hard,train,33,0.2063
3637,medium,train,16,0.1157
3638,medium,train,17,0.1946
364,medium,train,17,0.1043
3640,medium,dev,5,0.311
3641,medium,train,13,0.1875
3646,medium,train,37,0.0851
3648,easy,train,15,0.067
3649,medium,train,10,0.2081
365,easy,train,16,0.2339
3653,easy,train,12,0.2089
3655,easy,train,23,0.2563
3657,medium,train,20,0.2772
3662,medium,train,41,0.0604
3663,medium,train,37,0.1488
3666,medium,train,33,0.069
3667,medium,train,10,0.2745
3670,medium,train,22,0.1706
3674,medium,train,41,0.0745
3676,medium,train,14,0.2202
3678,medium,train,21,0.1081
3679,medium,test,27,0.2679
3680,easy,train,48,0.0603
3681,easy,train,17,0.1982
3683,hard,train,10,0.2008
3686,hard,train,33,0.08
3687,medium,test,39,0.068
3688,medium,train,4,0.1053
369,medium,train,54,0.0264
3690,medium,train,25,0.0711
3691,medium,train,20,0.0816
3692,medium,train,28,0.0914
3693,medium,test,16,0.2778
3694,hard,train,44,0.0482
3696,medium,train,15,0.0934
3698,easy,train,12,0.2199
37,hard,train,20,0.1927
3700,medium,train,41,0.0554
3706,hard,train,74,0.0644
3709,medium,train,14,0.0757
371,medium,train,35,0.0573
3710,medium,train,38,0.0328
3712,medium,train,25,0.0588
3718,easy,train,20,0.1864
3719,hard,train,54,0.0475
372,easy,train,10,0.2581
3720,hard,train,7,0.2859
3723,medium,train,20,0.0739
3724,medium,train,28,0.0722
3726,medium,train,33,0.2637
3729,hard,train,35,0.0576
373,easy,train,17,0.1897
3730,medium,train,31,0.0708
3731,easy,train,20,0.2857
3732,medium,test,24,0.0637
3733,medium,dev,16,0.3011
3734,medium,train,22,0.2669
3735,medium,train,20,0.1888
3737,medium,train,44,0.1306
3740,medium,train,42,0.0541
3741,hard,train,12,0.2301
3743,hard,train,28,0.0664
3747,easy,test,13,0.2767
3748,easy,train,29,0.0317
3755,medium,train,15,0.1934
3757,medium,train,22,0.0717
3762,easy,train,9,0.2859
3763,medium,train,44,0.134
3764,medium,train,35,0.1201
3766,medium,train,25,0.2652
3768,medium,train,25,0.1355
3769,medium,train,24,0.2577
3770,easy,train,14,0.1987
3773,hard,train,11,0.2131
3777,medium,train,14,0.058
3778,medium,train,22,0.1811
3779,hard,train,21,0.1872
3780,medium,train,29,0.277
3784,easy,train,19,0.0883
3785,medium,train,58,0.0624
3787,medium,train,3,0.1983
379,medium,test,17,0.2104
3790,medium,train,11,0.2386
3791,medium,test,39,0.0805
3797,easy,train,23,0.19
3799,easy,train,11,0.1041
38,medium,test,24,0.0619
3802,medium,train,27,0.0778
3803,easy,train,24,0.0913
3805,medium,train,40,0.0603
3807,hard,dev,15,0.3097
3808,medium,train,14,0.1886
381,easy,train,10,0.2672
3810,medium,train,16,0.0591
3811,medium,train,15,0.2747
3812,medium,train,23,0.0654
3816,hard,train,15,0.0614
3817,medium,train,20,0.0723
3818,medium,train,38,0.1274
3819,easy,train,28,0.0763
382,hard,train,40,0.1258
3820,medium,train,23,0.2743
3821,hard,train,8,0.0522
3825,easy,train,38,0.0657
3829,hard,train,18,0.2007
383,medium,train,24,0.0653
3830,hard,train,15,0.1886
3833,medium,train,20,0.2805
3838,medium,train,19,0.1878
3840,hard,test,28,0.0399
3842,hard,train,76,0.0691
3844,medium,train,54,0.0638
3846,medium,train,46,0.0752
3849,medium,train,37,0.0616
3855,easy,train,28,0.0678
3856,easy,train,12,0.2406
3857,easy,train,39,0.0568
3859,easy,train,10,0.0925
3860,hard,train,49,0.2595
3861,easy,train,33,0.2606
3862,easy,train,9,0.1947
3863,medium,train,44,0.0604
3865,easy,train,35,0.1739
3867,hard,train,5,0.2181
3868,medium,train,22,0.0707
3871,easy,train,12,0.2074
3872,hard,train,10,0.2131
3874,hard,train,21,0.1876
3877,medium,train,59,0.0585
3879,easy,train,35,0.07
3881,medium,train,26,0.0906
3883,easy,train,23,0.2663
3884,easy,train,7,0.1953
3885,easy,test,11,0.1233
3886,medium,train,67,0.102
3887,hard,train,38,0.0685
3889,medium,train,48,0.0635
3890,hard,train,46,0.062
3893,hard,train,52,0.0637
3895,hard,train,42,0.1239
3897,hard,train,19,0.0794
3899,easy,train,12,0.1824
390,medium,train,46,0.068
3902,medium,train,31,0.0581
3903,easy,train,10,0.2186
3904,hard,train,42,0.067
3907,medium,train,15,0.1887
3909,medium,train,20,0.1824
3910,medium,train,27,0.0582
3911,easy,train,10,0.2288
3915,easy,train,15,0.0984
3921,easy,train,24,0.2351
3922,easy,train,15,0.0794
3923,easy,train,21,0.2649
3928,easy,train,13,0.0508
393,easy,train,13,0.2764
3930,hard,train,42,0.0547
3932,medium,train,15,0.1871
3933,medium,train,33,0.24
3935,easy,train,21,0.0504
3943,hard,train,19,0.196
3948,medium,train,13,0.1961
3950,hard,train,53,0.0679
3951,hard,train,15,0.2776
3956,easy,train,10,0.2088
3957,easy,train,13,0.1908
3958,easy,train,42,0.0652
3960,hard,train,12,0.2276
3961,medium,train,34,0.1876
3964,hard,train,30,0.1453
3965,medium,train,9,0.1939
3967,medium,train,56,0.0651
397,medium,train,28,0.0578
3972,medium,train,28,0.0815
3973,medium,train,47,0.054
3975,medium,train,46,0.0289
3976,medium,train,45,0.057
3978,hard,train,9,0.1426
3979,hard,test,6,0.2436
3980,easy,train,21,0.0688
3982,hard,train,25,0.2715
3984,hard,train,11,0.2781
3985,hard,train,12,0.1897
3986,easy,train,32,0.0841
3988,medium,train,38,0.0598
3989,medium,train,28,0.1089
3990,easy,train,13,0.0616
3991,medium,train,53,0.0659
3992,hard,test,18,0.1782
3994,easy,train,53,0.0862
3996,hard,train,48,0.1886
3997,hard,train,4,0.191
3998,easy,train,72,0.0646
40,medium,train,18,0.2091
4000,hard,train,18,0.0769
4001,medium,train,8,0.2407
4002,easy,train,12,0.2354
4004,easy,train,19,0.0838
4006,medium,test,17,0.2446
4008,hard,train,6,0.1892
4011,medium,train,19,0.0612
4012,easy,train,24,0.0605
4014,medium,train,90,0.1871
4016,medium,train,14,0.0603
4017,medium,train,33,0.0646
4018,medium,train,21,0.1804
4019,medium,train,12,0.1832
4020,medium,train,24,0.0852
4021,medium,train,27,0.1152
4023,easy,train,9,0.2162
4024,easy,train,30,0.066
4025,easy,train,18,0.1929
4027,medium,train,42,0.0611
4029,easy,train,20,0.1808
403,medium,train,18,0.2725
4030,medium,train,46,0.0569
4032,hard,train,42,0.0601
4033,hard,train,25,0.0647
4036,medium,train,31,0.1014
4037,easy,train,10,0.0912
4039,medium,train,25,0.2631
4040,medium,train,38,0.0627
4042,easy,train,38,0.0608
4048,easy,train,10,0.0855
405,medium,train,11,0.0768
4050,medium,train,57,0.1281
4058,easy,train,16,0.1019
4060,hard,train,43,0.058
4062,easy,train,13,0.0505
4068,hard,dev,26,0.3168
4069,hard,train,10,0.0719
4071,hard,train,41,0.1864
4073,medium,train,24,0.0649
4077,easy,train,18,0.0714
4078,medium,train,18,0.2666
408,easy,train,21,0.0685
4080,medium,train,49,0.1875
4082,hard,train,24,0.2699
4083,hard,train,36,0.0605
4084,easy,train,28,0.2563
4085,medium,train,19,0.2632
4087,hard,train,32,0.2536
4089,medium,train,20,0.1802
409,medium,train,27,0.0519
4091,medium,train,67,0.0594
4095,hard,train,17,0.2411
4097,hard,train,18,0.2616
4098,hard,train,37,0.0705
4099,easy,train,16,0.2151
410,medium,train,13,0.2319
4101,medium,train,31,0.0866
4102,medium,train,23,0.2673
4107,easy,train,14,0.0917
4108,easy,train,6,0.2695
4109,medium,train,16,0.0682
411,easy,train,20,0.2036
4110,medium,train,19,0.1865
4113,medium,train,24,0.2663
4117,hard,train,9,0.197
412,hard,train,13,0.2535
4120,medium,train,21,0.0676
4121,medium,train,27,0.1867
4122,easy,train,20,0.0836
4123,medium,train,22,0.2683
4127,medium,train,30,0.0608
4128,easy,train,24,0.0953
4129,medium,train,6,0.2531
413,hard,train,15,0.0592
4131,easy,test,11,0.2771
4133,medium,train,32,0.1487
4134,medium,train,31,0.2171
4139,medium,train,11,0.2389
414,hard,train,22,0.267
4140,medium,train,63,0.0818
4142,easy,train,16,0.059
4143,hard,train,70,0.0649
4145,medium,train,29,0.2656
4146,easy,train,58,0.059
4148,medium,train,25,0.0903
4149,easy,train,33,0.0546
4150,medium,train,80,0.0396
4153,medium,train,26,0.2853
4154,hard,train,34,0.1883
4156,medium,test,9,0.1603
4157,hard,train,29,0.2705
4159,medium,train,18,0.1799
416,medium,train,16,0.0724
4161,medium,train,17,0.1855
4163,hard,train,24,0.1276
4164,medium,train,21,0.275
4165,medium,train,11,0.101
4168,hard,train,49,0.1523
4169,medium,train,15,0.1266
4170,medium,train,37,0.1474
4171,medium,train,13,0.2758
4172,medium,train,29,0.0573
4173,easy,train,20,0.0654
4175,hard,train,84,0.0965
4177,easy,train,8,0.0754
4179,medium,train,60,0.0618
4181,easy,train,18,0.0839
4183,medium,train,9,0.0999
4184,medium,train,19,0.1936
4186,medium,train,23,0.1421
4188,hard,train,13,0.1891
4189,medium,train,29,0.1256
419,medium,train,40,0.0695
4190,hard,train,13,0.2663
4192,easy,train,27,0.2332
4193,hard,train,22,0.2814
4195,medium,train,25,0.0561
4197,medium,train,29,0.2617
4198,hard,train,18,0.0626
4199,hard,train,14,0.2775
4200,medium,train,20,0.2064
4201,medium,train,26,0.132
4202,medium,train,22,0.0725
4206,medium,train,82,0.0578
4207,hard,train,30,0.1065
4210,hard,train,36,0.0338
4211,medium,train,40,0.0626
4212,easy,train,35,0.0639
4214,easy,train,73,0.0547
4218,easy,train,34,0.2259
422,easy,train,18,0.2803
4220,easy,train,6,0.2729
4222,medium,train,40,0.0631
4224,easy,train,17,0.1846
4226,hard,train,107,0.0924
4227,medium,train,23,0.0767
4228,easy,train,11,0.2037
423,medium,train,20,0.2132
4230,medium,train,8,0.2797
4233,hard,train,39,0.0494
4234,hard,train,10,0.2793
4235,medium,train,12,0.1925
4236,medium,train,43,0.1569
4237,medium,train,26,0.1714
4239,medium,train,7,0.1961
424,hard,train,11,0.1885
4240,medium,train,44,0.0675
4241,medium,train,34,0.0641
4242,easy,train,24,0.1805
4245,medium,train,43,0.0696
4248,hard,train,26,0.1842
4252,easy,train,60,0.0584
4253,easy,train,9,0.1142
4255,medium,train,50,0.0507
4257,medium,train,38,0.1901
4258,hard,train,52,0.0449
4259,easy,train,38,0.0948
426,medium,train,13,0.2147
4261,medium,train,22,0.1045
4263,easy,train,12,0.1873
4267,easy,train,17,0.2592
4268,hard,train,12,0.0656
4272,hard,train,37,0.0642
4274,medium,train,15,0.1943
4277,medium,train,22,0.0759
4279,medium,train,23,0.0586
428,hard,train,12,0.1861
4281,easy,train,21,0.0644
4282,medium,train,32,0.051
4283,medium,train,72,0.0554
4286,hard,train,35,0.0871
4287,medium,train,31,0.0598
4288,easy,train,34,0.1807
4289,medium,train,66,0.0675
429,easy,train,16,0.189
4292,medium,train,42,0.0578
4294,medium,train,25,0.062
4296,medium,train,25,0.067
4299,medium,train,32,0.0874
430,hard,train,37,0.2786
4301,easy,train,10,0.2077
4302,hard,train,35,0.0722
4303,medium,train,22,0.1846
4305,hard,train,38,0.0634
4306,medium,train,24,0.1092
4310,hard,train,55,0.0621
4311,medium,train,19,0.1424
4312,hard,train,22,0.183
4315,easy,train,25,0.2957
4316,easy,train,33,0.0745
4317,medium,train,25,0.0995
4318,easy,train,21,0.2662
432,medium,train,31,0.2686
4320,medium,train,54,0.0604
4321,medium,train,8,0.1878
4329,medium,train,15,0.2758
433,medium,train,12,0.2878
4330,medium,train,16,0.257
4333,medium,train,28,0.0631
4334,medium,train,33,0.1857
4337,hard,train,17,0.0735
4339,medium,train,18,0.0723
434,medium,train,12,0.2722
4341,medium,train,73,0.1391
4349,hard,train,6,0.2137
435,medium,train,27,0.0885
4350,medium,train,16,0.0825
4351,medium,train,13,0.1933
4355,hard,train,17,0.192
4356,hard,test,40,0.0741
4359,easy,train,9,0.1868
436,easy,train,20,0.2705
4361,easy,test,11,0.2104
4362,medium,train,40,0.0626
4364,easy,train,26,0.0658
4365,medium,train,12,0.1977
4367,hard,train,23,0.0848
4368,easy,train,78,0.1259
4369,hard,train,7,0.1969
4371,medium,train,42,0.074
4372,easy,train,12,0.198
4373,medium,train,22,0.2736
4374,medium,train,12,0.2024
4375,hard,train,62,0.099
4377,medium,train,61,0.0614
4380,medium,train,15,0.0602
4381,hard,train,40,0.2266
4382,hard,train,30,0.0619
4383,hard,train,41,0.0824
4385,easy,train,34,0.0799
4386,hard,train,34,0.0902
4387,easy,train,18,0.0906
4388,medium,train,19,0.0843
4390,easy,train,23,0.0704
4394,easy,train,13,0.2016
4395,medium,test,32,0.1816
4396,easy,train,18,0.0594
4397,hard,train,16,0.1851
4398,hard,train,35,0.076
4399,medium,test,15,0.0525
44,medium,train,24,0.0615
440,medium,train,27,0.0681
4400,easy,train,31,0.1017
4403,easy,train,13,0.2131
4404,medium,train,9,0.0981
4406,medium,train,21,0.0801
4411,medium,train,22,0.0598
4416,hard,train,31,0.2684
4417,medium,train,57,0.0643
4418,easy,train,11,0.2746
4419,easy,train,22,0.273
442,medium,train,26,0.0446
4422,easy,train,14,0.2719
4426,hard,train,22,0.072
4427,easy,train,49,0.0809
4428,easy,train,45,0.043
4431,hard,train,29,0.2323
4432,medium,train,49,0.0576
4433,medium,train,22,0.0818
4435,easy,train,14,0.1007
4436,hard,train,7,0.1966
444,medium,train,16,0.2746
4446,hard,train,10,0.2375
4447,medium,train,23,0.2108
4449,hard,train,16,0.0399
4452,easy,train,18,0.2704
4453,medium,train,28,0.0669
4454,medium,train,15,0.1932
4455,easy,train,13,0.2582
4457,medium,train,26,0.0605
4459,medium,train,11,0.0804
446,hard,train,14,0.195
4460,medium,train,31,0.2687
4462,medium,train,23,0.1457
4464,easy,train,31,0.0592
4467,hard,train,16,0.1853
4469,medium,train,20,0.2642
447,medium,train,33,0.0517
4472,easy,train,17,0.0662
4475,medium,train,34,0.0692
4476,hard,train,43,0.0559
4477,easy,train,9,0.1058
4478,hard,test,39,0.0603
4479,easy,dev,19,0.3042
448,hard,train,29,0.057
4480,easy,train,43,0.0606
4481,medium,train,66,0.0259
4482,medium,train,19,0.2616
4485,easy,train,14,0.1018
4486,easy,train,25,0.1778
4487,hard,train,17,0.2652
449,hard,train,28,0.0581
4490,medium,train,17,0.0656
4492,hard,dev,9,0.3169
4496,medium,train,67,0.0752
4497,easy,train,38,0.0609
4498,medium,train,45,0.0864
450,medium,train,11,0.2865
4501,easy,train,17,0.1009
4502,medium,train,26,0.0395
4503,medium,train,19,0.0741
4504,easy,train,52,0.1372
4506,easy,train,9,0.187
4507,easy,train,16,0.2661
4510,easy,train,57,0.0603
4511,easy,train,14,0.1998
4515,easy,train,26,0.0786
4516,medium,train,11,0.1902
4519,easy,train,26,0.0555
452,medium,train,40,0.0869
4521,easy,train,15,0.1882
4522,medium,train,26,0.0604
4526,hard,train,33,0.2572
4529,medium,train,12,0.2756
4530,medium,train,22,0.0835
454,easy,train,19,0.2658
4540,hard,train,71,0.0576
4541,medium,train,23,0.0548
4546,medium,train,18,0.0625
4547,medium,train,39,0.1301
4549,medium,train,62,0.0614
455,easy,train,12,0.1191
4550,medium,train,29,0.0593
4551,easy,train,10,0.2916
4554,medium,dev,13,0.3285
4558,medium,train,62,0.0957
4559,hard,train,13,0.0626
4560,hard,train,6,0.2287
4561,medium,train,20,0.0712
4567,hard,train,21,0.189
4575,hard,train,10,0.1985
4576,hard,train,67,0.0593
4577,easy,train,40,0.0601
4579,easy,train,22,0.0772
4581,medium,train,16,0.0718
4585,easy,train,13,0.1856
4588,medium,train,21,0.1853
4589,medium,train,39,0.06
459,medium,train,25,0.2766
4593,medium,train,18,0.1897
4595,medium,train,14,0.2789
4598,medium,train,10,0.2853
4599,hard,train,28,0.0595
46,medium,train,22,0.0694
460,medium,train,27,0.1038
4604,hard,train,65,0.0631
4605,medium,train,20,0.1324
4606,medium,train,9,0.2767
4609,medium,train,47,0.0987
4612,hard,train,51,0.0634
4614,hard,train,9,0.1869
4615,medium,train,14,0.2715
4616,medium,train,18,0.1528
4617,easy,train,55,0.0628
4618,medium,train,35,0.0567
4620,easy,train,20,0.0703
4621,hard,test,52,0.0504
4622,easy,train,23,0.0514
4624,easy,train,26,0.0933
4625,hard,train,8,0.1836
4629,medium,train,12,0.2238
463,medium,train,34,0.0891
4630,medium,train,15,0.2556
4631,medium,train,22,0.0657
4633,medium,train,12,0.1898
4634,medium,train,14,0.2034
4639,medium,train,40,0.0647
4640,easy,train,17,0.0692
4642,easy,train,39,0.2554
4643,hard,train,11,0.2413
4644,hard,train,60,0.1246
4646,easy,train,15,0.0739
465,medium,train,22,0.1902
4650,medium,train,25,0.072
4652,hard,train,44,0.0532
4654,medium,train,35,0.0575
4657,medium,train,24,0.0789
4658,hard,train,39,0.0781
466,medium,train,36,0.1389
4660,easy,train,35,0.0765
4662,hard,train,19,0.0747
4666,hard,train,61,0.0895
4667,easy,train,13,0.2897
467,medium,train,15,0.2233
4673,medium,train,12,0.0593
4677,hard,train,46,0.1922
4678,easy,train,20,0.0938
468,hard,train,46,0.0984
4680,hard,train,14,0.1883
4681,hard,train,37,0.2908
4682,hard,train,11,0.1942
4684,hard,train,54,0.0483
4685,easy,train,14,0.287
4686,easy,train,33,0.0858
4694,medium,train,48,0.1696
4695,easy,train,18,0.0645
4698,medium,train,20,0.1899
4699,easy,train,33,0.2788
47,medium,train,15,0.1956
4701,medium,train,24,0.1802
4702,medium,train,20,0.0584
4705,easy,train,19,0.0802
4709,medium,train,20,0.1888
471,easy,train,8,0.1902
4712,hard,dev,24,0.3139
4713,medium,train,32,0.0675
4714,medium,train,22,0.0779
4716,medium,train,19,0.0775
4717,easy,train,21,0.1006
4718,hard,train,20,0.0716
4719,hard,train,19,0.2075
4720,easy,test,10,0.1834
4721,medium,train,60,0.0518
4722,medium,train,37,0.2757
4726,medium,train,22,0.0462
4727,easy,train,13,0.0907
4729,easy,train,46,0.0599
4730,hard,train,17,0.1107
4735,medium,test,18,0.1857
4737,easy,train,11,0.2712
4738,medium,train,14,0.1846
474,medium,train,65,0.0668
4741,easy,train,27,0.0792
4744,medium,train,32,0.0774
4745,medium,train,35,0.1138
4746,medium,train,72,0.0571
4747,medium,train,28,0.2711
4749,easy,train,57,0.0572
4750,medium,train,33,0.0293
4751,easy,train,15,0.1762
4755,medium,train,13,0.0765
4757,medium,train,46,0.0671
4758,easy,train,9,0.2622
476,hard,train,29,0.1543
4762,medium,train,31,0.1857
4763,medium,train,12,0.0643
4765,medium,train,26,0.0936
4767,medium,train,19,0.048
4768,medium,train,31,0.0651
4769,medium,train,29,0.0737
4780,medium,train,33,0.0699
4781,easy,train,47,0.1175
4782,easy,train,13,0.1937
4784,medium,train,23,0.0977
4788,medium,train,24,0.0585
4789,easy,train,26,0.065
479,medium,train,10,0.1847
4790,medium,train,19,0.0824
4791,easy,train,7,0.0643
4793,hard,train,18,0.2716
4794,medium,train,26,0.074
4796,easy,train,9,0.2478
4798,hard,train,41,0.0643
48,medium,train,30,0.1909
480,medium,train,17,0.2434
4802,easy,train,36,0.0586
4803,medium,train,30,0.0606
4805,hard,train,41,0.0587
4807,medium,train,29,0.2674
4809,medium,train,44,0.0317
481,easy,train,21,0.1157
4811,hard,test,12,0.184
4812,easy,train,7,0.2609
4814,hard,train,14,0.1884
4816,medium,train,27,0.0632
4818,medium,train,24,0.024
482,hard,train,21,0.1853
4820,hard,train,28,0.0734
4822,hard,train,12,0.2937
4823,hard,train,31,0.1361
4825,easy,train,26,0.1303
4827,easy,train,13,0.2802
4830,medium,train,10,0.0819
4831,medium,train,30,0.0539
4833,hard,train,14,0.2606
4834,medium,train,16,0.0766
4835,medium,train,68,0.0707
4836,easy,train,28,0.0733
4837,easy,train,19,0.062
484,medium,train,33,0.0617
4840,hard,train,28,0.1823
4844,medium,train,16,0.0511
485,easy,train,24,0.074
4850,medium,train,13,0.2601
4851,medium,train,51,0.076
4852,hard,train,25,0.2508
4854,hard,train,7,0.2228
4855,easy,train,15,0.259
4857,easy,train,16,0.0971
4858,medium,train,39,0.1063
4859,easy,train,20,0.0648
486,medium,train,50,0.0672
4860,easy,train,16,0.1039
4862,hard,train,27,0.2409
4864,hard,train,41,0.1385
4865,medium,train,60,0.1485
4866,easy,train,9,0.1913
4868,hard,test,20,0.2707
4869,medium,train,33,0.1148
487,medium,train,24,0.1891
4870,hard,train,17,0.1919
4871,medium,train,63,0.0799
4872,medium,train,48,0.0571
4875,medium,train,28,0.0726
4876,medium,train,8,0.2222
4877,medium,train,13,0.28
4879,hard,train,31,0.0623
488,medium,train,19,0.0651
4880,easy,train,29,0.1559
4882,medium,train,39,0.0681
4884,easy,train,22,0.2007
4885,easy,train,16,0.1883
4886,medium,train,25,0.0821
4889,medium,train,13,0.2586
489,medium,train,19,0.1903
4891,medium,train,37,0.2441
4895,medium,train,14,0.1932
4897,hard,train,30,0.0638
4898,hard,train,30,0.2089
4899,medium,train,35,0.0579
490,medium,train,49,0.0935
4901,easy,train,16,0.0787
4903,hard,train,13,0.0704
4904,medium,train,9,0.0867
4905,easy,train,26,0.2624
491,easy,train,15,0.2637
4910,medium,train,13,0.1914
4913,easy,train,27,0.0712
4915,hard,train,32,0.0775
4917,medium,train,10,0.189
4919,medium,train,34,0.2421
4924,medium,train,11,0.2655
4928,medium,train,16,0.1851
4929,easy,train,31,0.0633
493,easy,train,19,0.1848
4930,medium,train,13,0.2727
4935,hard,train,39,0.0709
4936,easy,train,17,0.0845
4938,easy,train,24,0.061
494,hard,train,11,0.2765
4941,medium,train,15,0.1259
4943,medium,train,22,0.1318
4946,hard,train,19,0.0579
4948,hard,train,19,0.1905
4949,medium,train,19,0.0723
495,easy,train,26,0.0587
4950,medium,train,25,0.1932
4951,hard,train,32,0.0951
4953,easy,train,37,0.075
4954,medium,train,25,0.0693
4957,medium,train,39,0.065
4959,medium,train,38,0.0499
4960,hard,train,33,0.1457
4961,easy,train,22,0.2142
4965,medium,train,28,0.0629
4966,hard,train,52,0.0814
4968,medium,test,14,0.2942
4970,medium,train,31,0.2185
4971,medium,train,24,0.0816
4973,easy,train,20,0.0701
4974,medium,train,24,0.0423
4975,hard,train,42,0.1407
4976,medium,train,38,0.0502
4979,medium,test,19,0.2685
498,medium,train,47,0.1796
4980,medium,train,12,0.2776
4982,medium,train,26,0.0725
4987,medium,train,42,0.0699
4991,medium,test,29,0.0546
4992,medium,train,16,0.0681
4993,medium,train,11,0.2283
4994,easy,test,23,0.2875
4995,hard,train,45,0.0573
4998,easy,train,20,0.0867
4999,medium,train,49,0.0648
5,hard,train,59,0.204
50,hard,train,39,0.0616
5000,medium,train,10,0.1671
5002,easy,train,13,0.2247
5003,medium,train,16,0.1884
5004,hard,train,41,0.059
5008,medium,train,20,0.0753
5009,hard,train,11,0.1882
5010,medium,train,52,0.0599
5013,easy,train,16,0.1894
5014,medium,train,52,0.0797
5017,hard,train,18,0.1877
5018,hard,train,41,0.0422
5019,medium,train,84,0.0589
502,medium,train,16,0.2695
5020,medium,train,22,0.1865
5023,medium,train,23,0.284
5028,medium,train,12,0.2753
5029,easy,train,20,0.0931
503,medium,train,23,0.1931
5030,medium,train,16,0.1572
5031,easy,train,16,0.1046
5032,hard,train,26,0.2629
5034,medium,train,21,0.187
5035,hard,train,36,0.0794
5038,easy,train,10,0.178
5042,medium,train,17,0.1925
5045,medium,train,23,0.0595
5047,hard,train,23,0.2272
5048,medium,train,16,0.1885
505,easy,train,24,0.0989
5053,medium,train,18,0.2523
5054,medium,train,21,0.1971
5061,easy,train,12,0.0557
5062,medium,train,16,0.2047
5065,hard,train,24,0.1901
5067,medium,train,26,0.1122
5069,medium,train,11,0.2811
5070,easy,train,63,0.0595
5075,medium,train,18,0.1033
5077,medium,train,31,0.0677
5079,easy,train,23,0.0723
5083,medium,test,14,0.2096
5084,medium,train,42,0.0543
5086,medium,train,14,0.1929
5090,medium,train,32,0.1994
5091,medium,train,26,0.0697
5093,easy,train,28,0.0766
5095,easy,train,12,0.269
5097,easy,train,18,0.2565
5099,hard,train,70,0.0596
5104,easy,train,36,0.0832
5109,hard,train,45,0.0604
5111,medium,train,24,0.0659
5112,medium,train,20,0.0659
5113,hard,train,11,0.2616
5114,medium,train,34,0.2756
5115,medium,train,19,0.2608
512,hard,train,38,0.1436
5122,medium,train,23,0.0665
5127,medium,train,30,0.1133
5128,hard,train,17,0.1919
513,medium,train,28,0.0541
5132,easy,train,12,0.1953
5134,hard,test,16,0.1926
5135,medium,train,68,0.0606
5137,hard,train,53,0.0593
5140,medium,train,38,0.1325
5142,hard,train,25,0.0618
5143,medium,train,22,0.0599
5145,hard,train,19,0.0991
5146,medium,train,34,0.2379
5147,medium,train,82,0.2615
5150,medium,train,22,0.0493
5153,medium,train,50,0.0973
5154,medium,test,14,0.1769
5155,medium,train,30,0.0653
5158,medium,train,14,0.2126
5159,easy,test,15,0.1836
5162,hard,train,37,0.0549
5163,easy,train,42,0.0699
5164,medium,train,34,0.0615
5165,medium,train,45,0.2629
5168,easy,train,72,0.1723
5174,medium,train,18,0.0732
5176,hard,train,8,0.2027
5178,medium,train,34,0.1571
5179,easy,train,26,0.1238
5180,easy,train,51,0.0533
5182,hard,test,26,0.0672
5183,easy,train,14,0.0785
5185,hard,train,14,0.0703
5186,hard,train,7,0.2104
5188,hard,test,21,0.2671
5189,medium,train,26,0.2791
5192,easy,train,23,0.0747
5194,easy,train,32,0.0822
5195,easy,train,24,0.0739
5196,hard,train,31,0.2618
5197,medium,train,19,0.2309
52,hard,train,29,0.0641
5200,hard,train,44,0.0926
5202,medium,train,36,0.0624
5204,medium,train,30,0.0764
5205,hard,train,8,0.2832
5207,easy,train,12,0.2146
5208,medium,train,17,0.2708
5209,medium,test,14,0.0604
5211,hard,train,35,0.2669
5213,easy,train,32,0.059
5214,medium,train,24,0.0627
5215,medium,train,22,0.1902
5216,medium,dev,15,0.3153
5218,easy,train,13,0.063
522,hard,train,22,0.2129
5220,hard,train,16,0.1874
5222,hard,train,44,0.0625
5223,medium,train,27,0.0568
5224,easy,train,51,0.0594
5225,easy,train,40,0.0541
5226,hard,train,16,0.0859
5229,hard,train,31,0.0568
523,easy,train,15,0.2668
5230,hard,train,14,0.0929
5231,easy,train,18,0.2253
5232,easy,train,65,0.0527
5246,hard,train,32,0.0813
5248,medium,train,13,0.2677
5251,hard,train,38,0.0538
5256,medium,train,7,0.2809
5257,medium,train,17,0.2739
5258,hard,train,39,0.0956
526,medium,train,69,0.0406
5260,medium,train,33,0.1971
5262,hard,train,27,0.1136
5265,medium,train,15,0.0663
5266,medium,train,9,0.0783
5267,medium,train,31,0.0673
5268,medium,train,51,0.2417
5269,easy,train,10,0.2027
5270,medium,train,16,0.1331
5271,medium,train,25,0.0657
5273,easy,train,12,0.2027
5274,medium,train,25,0.0736
5277,medium,train,35,0.0829
5278,easy,train,40,0.0729
5283,medium,train,30,0.0756
5285,medium,train,21,0.0689
5289,medium,train,44,0.2166
5292,medium,train,10,0.1689
5296,medium,train,18,0.0859
5298,medium,train,55,0.0595
5300,medium,train,44,0.1855
5301,medium,train,24,0.0781
5302,medium,train,11,0.1039
5304,medium,train,73,0.0439
5305,medium,train,44,0.0612
5308,hard,train,35,0.1422
5309,medium,train,38,0.093
531,easy,train,28,0.1086
5311,medium,train,65,0.0264
5312,hard,train,32,0.2152
5313,medium,train,15,0.1903
5314,hard,train,44,0.1396
5317,medium,train,51,0.0749
5319,medium,train,73,0.0676
5322,medium,train,29,0.0588
5323,medium,test,33,0.0763
5324,easy,train,22,0.0659
5329,hard,train,12,0.2529
533,hard,train,38,0.0491
5330,medium,train,20,0.1886
5332,hard,train,30,0.1168
5333,hard,train,41,0.1774
5334,hard,train,16,0.2124
5335,hard,train,40,0.1854
5337,medium,test,11,0.2719
5344,medium,train,31,0.0798
5345,hard,train,17,0.2121
5346,medium,train,55,0.0884
5347,hard,train,45,0.0678
5348,hard,train,4,0.0905
5349,medium,train,41,0.0507
5352,medium,train,32,0.0733
5359,medium,train,28,0.0566
5360,hard,train,60,0.082
5363,easy,train,33,0.0701
5364,easy,train,38,0.0598
5365,medium,train,10,0.1503
5366,easy,train,16,0.0796
5368,hard,train,19,0.0572
537,easy,train,13,0.0971
5374,medium,train,48,0.2566
5375,medium,train,28,0.2772
5379,medium,train,27,0.0685
5382,medium,train,25,0.2731
5384,easy,train,20,0.1054
5385,medium,train,13,0.2703
5388,medium,train,44,0.0638
5390,easy,train,13,0.1125
5394,hard,train,18,0.0705
5399,medium,train,25,0.085
5401,easy,train,11,0.1932
5403,hard,train,37,0.0808
5407,medium,train,24,0.2888
5409,medium,dev,10,0.302
5410,hard,train,14,0.1171
5411,easy,train,8,0.1179
5413,easy,test,10,0.2817
5415,easy,train,22,0.0458
5416,easy,train,68,0.0623
5417,hard,train,13,0.1703
542,medium,train,25,0.2677
5421,medium,train,31,0.1063
5422,easy,train,16,0.0682
5423,hard,train,51,0.0612
5425,medium,train,41,0.0542
5428,medium,train,44,0.0324
5430,hard,train,29,0.2067
5432,medium,train,10,0.1876
5433,medium,train,11,0.2673
5434,medium,train,31,0.0603
5435,medium,train,11,0.1938
5436,easy,train,14,0.0578
5437,easy,train,19,0.1832
5438,medium,train,14,0.0365
5439,medium,test,33,0.0767
544,medium,train,29,0.1253
5441,medium,train,17,0.2746
5442,hard,train,45,0.0515
5444,medium,train,14,0.2752
5447,medium,train,17,0.1937
5449,medium,train,20,0.0798
545,medium,train,10,0.0346
5453,medium,train,19,0.0694
5457,easy,train,12,0.2844
546,medium,train,12,0.2755
5460,medium,train,12,0.064
5461,medium,train,10,0.2006
5463,medium,train,29,0.0841
5464,medium,train,18,0.1145
5467,hard,train,39,0.0794
5469,hard,train,24,0.1847
5470,hard,train,19,0.1023
5475,medium,train,33,0.0664
5476,easy,train,14,0.0964
5477,easy,train,15,0.1934
5478,hard,train,10,0.0327
5479,easy,train,18,0.0832
5480,medium,train,53,0.0573
5481,easy,train,12,0.2461
5482,hard,train,13,0.1897
5483,hard,train,8,0.1973
5484,easy,train,51,0.0892
5485,easy,test,17,0.2572
5486,medium,train,33,0.1276
5487,medium,train,17,0.0905
5488,medium,train,13,0.2746
5489,easy,train,13,0.2779
5490,medium,train,26,0.1011
5491,easy,test,20,0.1677
5495,hard,train,30,0.0503
5496,medium,train,5,0.1897
5497,medium,train,64,0.0626
5498,medium,train,28,0.232
5499,easy,train,29,0.0722
55,hard,train,67,0.043
5501,easy,train,14,0.1027
5502,medium,train,24,0.1157
5508,easy,train,49,0.0602
5509,medium,train,28,0.048
5510,hard,train,16,0.1894
5511,medium,train,26,0.0279
5515,hard,train,56,0.0833
5517,medium,train,15,0.0625
5518,easy,train,14,0.2032
5519,easy,train,56,0.0614
5520,medium,train,26,0.1428
5523,hard,train,17,0.1934
5528,hard,train,12,0.186
5529,easy,train,9,0.1999
553,hard,train,60,0.0501
5534,medium,train,130,0.0684
5535,medium,train,28,0.2585
5536,medium,train,21,0.0802
554,hard,train,31,0.1868
5541,medium,train,32,0.0639
5545,medium,train,22,0.2685
5546,medium,train,19,0.0646
5548,easy,train,15,0.0633
5551,easy,train,12,0.2763
5553,easy,train,15,0.2405
5556,easy,train,26,0.0553
5557,hard,train,15,0.27
5558,hard,train,23,0.1905
556,easy,train,19,0.1872
5560,medium,train,24,0.27
5561,easy,train,18,0.062
5562,medium,train,15,0.0804
5565,easy,train,31,0.1721
5566,hard,train,38,0.0516
5570,medium,train,23,0.1907
5571,medium,train,26,0.0807
5572,easy,train,27,0.0886
5573,easy,train,16,0.0673
5574,hard,train,57,0.0661
5578,medium,train,49,0.0746
5579,easy,train,19,0.172
558,hard,train,12,0.2054
5583,hard,train,28,0.1085
5585,medium,train,23,0.0863
5586,easy,train,25,0.1741
5587,easy,train,11,0.1414
5588,medium,train,25,0.1823
5589,medium,train,25,0.0803
5592,easy,train,29,0.2672
5595,medium,train,53,0.0943
5599,hard,train,14,0.0913
560,medium,train,19,0.0579
5603,easy,train,28,0.039
5604,easy,train,7,0.2014
5605,easy,train,7,0.2821
5607,hard,test,62,0.0229
5608,medium,train,36,0.0635
561,easy,train,17,0.0804
5610,medium,train,11,0.0717
5613,easy,train,53,0.0796
5614,hard,train,17,0.0513
5615,medium,test,20,0.1819
5616,easy,train,25,0.0733
5618,hard,train,52,0.0909
5619,medium,train,16,0.2645
5621,hard,test,57,0.0573
5623,hard,train,37,0.2636
5624,hard,train,27,0.0619
5626,hard,train,54,0.0638
5628,hard,train,14,0.1954
5629,easy,train,16,0.0989
563,easy,train,12,0.1175
5631,easy,train,18,0.1865
5632,medium,train,8,0.2655
5634,medium,train,27,0.0587
5635,easy,train,9,0.0629
5636,medium,train,15,0.2365
5637,medium,train,45,0.0599
5639,easy,train,27,0.1887
5642,hard,train,26,0.0224
5645,medium,train,22,0.2767
5648,medium,train,23,0.0704
5651,hard,train,20,0.2762
5652,medium,train,11,0.2794
5653,easy,train,19,0.2702
5657,easy,train,24,0.0831
5659,medium,train,26,0.0688
566,easy,train,56,0.0653
5662,medium,train,18,0.0877
5663,medium,train,33,0.2607
5664,medium,train,9,0.0498
5665,hard,train,60,0.0592
5667,easy,train,18,0.1906
5668,medium,train,15,0.2498
5669,hard,train,44,0.0658
5670,hard,train,43,0.0653
5671,hard,train,45,0.0695
5672,easy,train,18,0.1803
5675,medium,train,31,0.142
5677,easy,train,37,0.1312
5679,medium,train,8,0.181
5680,easy,train,26,0.0883
5681,medium,train,23,0.2689
5682,hard,train,44,0.0478
5683,hard,train,21,0.2682
5684,medium,train,47,0.0736
5685,medium,train,31,0.0917
5686,hard,train,6,0.1872
5687,medium,test,79,0.0518
5689,medium,train,11,0.276
569,medium,test,31,0.1801
5690,medium,train,43,0.063
5691,medium,train,20,0.0348
5692,hard,train,25,0.0828
5693,hard,train,75,0.048
5696,easy,train,26,0.1042
5697,hard,train,17,0.1999
5699,easy,train,14,0.1937
57,easy,train,24,0.264
570,medium,train,47,0.0491
5700,hard,train,25,0.1884
5702,hard,train,20,0.1847
5704,hard,train,9,0.1895
5708,easy,train,19,0.1722
571,hard,train,18,0.2684
5715,hard,train,53,0.1019
5717,easy,train,15,0.0922
5718,medium,train,40,0.0592
572,easy,train,16,0.2797
5720,hard,train,14,0.191
5724,medium,train,52,0.0573
5726,medium,train,22,0.2722
5727,medium,train,15,0.0808
5728,medium,train,22,0.0859
5729,medium,train,38,0.0857
5730,medium,train,7,0.2644
5731,medium,train,29,0.1817
5732,medium,train,21,0.1252
5735,hard,train,36,0.1504
5736,easy,train,11,0.2697
574,medium,test,19,0.1998
5740,hard,train,20,0.2491
5741,medium,test,26,0.2569
5742,medium,train,22,0.1709
5743,medium,train,19,0.0791
5748,medium,train,26,0.1786
5749,easy,train,90,0.0935
5750,hard,train,50,0.0607
5751,medium,train,35,0.1249
5752,medium,train,24,0.2523
5761,medium,train,15,0.2856
5762,hard,train,8,0.2675
5763,medium,train,15,0.2684
5765,easy,train,14,0.0594
5768,hard,test,12,0.1829
5769,hard,train,42,0.0542
5772,medium,train,63,0.0654
5775,easy,test,20,0.2748
5777,medium,test,38,0.0715
578,medium,train,34,0.2576
5780,medium,train,74,0.0658
5781,medium,train,25,0.067
5782,medium,train,12,0.0718
5784,medium,train,26,0.0658
5787,medium,train,86,0.05
5788,hard,train,45,0.0675
579,easy,train,18,0.1384
5790,medium,train,24,0.2721
5791,hard,train,22,0.2009
5793,medium,train,34,0.0711
5796,easy,train,7,0.1944
5798,hard,train,34,0.2459
5800,medium,train,11,0.0871
5801,easy,train,19,0.0794
5802,hard,train,23,0.2687
5803,easy,train,13,0.2788
5804,medium,train,17,0.2156
5809,medium,train,73,0.044
5810,easy,train,19,0.0674
5811,medium,train,11,0.0726
5814,medium,train,11,0.1378
5816,hard,train,34,0.0572
5817,medium,train,8,0.1508
5818,medium,train,17,0.1158
582,medium,train,33,0.0698
5822,medium,train,21,0.1156
5824,hard,train,16,0.1901
5825,easy,train,30,0.0555
5827,easy,train,62,0.036
5828,medium,train,20,0.1862
5829,easy,train,29,0.0822
5831,medium,train,29,0.0719
5832,hard,train,47,0.0568
5833,hard,train,17,0.1836
5834,hard,train,20,0.1274
5837,medium,train,63,0.0604
584,medium,train,53,0.0598
5840,medium,train,85,0.06
5842,medium,train,48,0.0659
5844,medium,train,68,0.0556
5845,hard,train,4,0.2711
5846,hard,train,13,0.2478
5847,medium,train,11,0.2702
585,medium,train,31,0.0618
5850,hard,dev,28,0.3056
5851,medium,train,19,0.0569
5852,easy,train,20,0.193
5854,medium,train,21,0.188
5856,medium,train,13,0.1951
5857,hard,train,43,0.1854
5858,hard,test,7,0.2092
5859,hard,train,41,0.0648
5861,medium,train,15,0.061
5862,medium,train,49,0.1114
5863,easy,train,4,0.1973
5866,hard,test,37,0.1449
5867,hard,train,24,0.2818
5870,easy,train,44,0.0655
5871,hard,train,25,0.0534
5873,medium,train,34,0.1164
5874,medium,train,19,0.2758
5880,hard,train,18,0.254
5881,medium,dev,30,0.3024
5882,easy,train,17,0.0753
5883,easy,train,16,0.1946
5886,hard,train,23,0.2691
5887,medium,train,24,0.0698
5888,medium,train,15,0.0849
5889,hard,train,20,0.0805
5891,medium,train,23,0.0628
5893,medium,train,20,0.1886
5895,hard,train,35,0.078
59,easy,train,12,0.1381
590,medium,train,9,0.0842
5903,hard,train,16,0.2484
5906,easy,train,25,0.2413
5908,easy,train,13,0.0468
5909,medium,train,18,0.2864
591,medium,train,22,0.2075
5912,medium,train,26,0.0726
5913,hard,train,25,0.1902
5914,medium,train,47,0.1342
5915,hard,train,21,0.2763
5916,easy,train,22,0.0649
592,easy,train,16,0.234
5920,medium,train,9,0.1961
5923,easy,train,17,0.183
5925,easy,train,12,0.2006
5927,easy,train,25,0.1789
5928,medium,train,29,0.1144
593,medium,train,30,0.0671
5930,medium,train,14,0.2734
5932,easy,train,11,0.18
5933,medium,train,26,0.0682
5934,medium,train,28,0.0628
5935,hard,train,31,0.1861
5936,medium,train,55,0.1083
5937,medium,train,45,0.1432
5938,medium,train,33,0.0667
5939,easy,train,11,0.2771
5942,medium,train,22,0.0562
5946,medium,train,45,0.0702
5947,hard,train,12,0.1976
5948,hard,train,24,0.0577
5951,medium,train,12,0.0793
5952,easy,train,12,0.1936
5957,hard,train,12,0.1874
5958,medium,train,72,0.0538
5959,easy,train,14,0.0719
5960,hard,train,8,0.1841
5961,easy,train,27,0.0831
5964,hard,train,41,0.0807
5965,medium,train,35,0.0728
5966,medium,train,42,0.06
597,easy,test,10,0.2699
5971,medium,train,7,0.1015
5974,easy,train,23,0.0908
5976,hard,train,33,0.0484
5979,hard,dev,25,0.3093
5980,easy,train,17,0.1914
5981,medium,train,48,0.0624
5983,hard,train,39,0.0495
5985,hard,train,15,0.2495
5986,medium,train,31,0.075
5987,easy,train,16,0.0583
5988,medium,train,15,0.269
5989,easy,train,55,0.0696
5990,medium,test,25,0.171
5991,medium,train,20,0.2207
5992,medium,train,9,0.2722
5995,easy,train,6,0.2804
5996,easy,train,6,0.2925
60,medium,train,37,0.0501
6000,medium,train,75,0.1291
6002,easy,train,5,0.2798
6004,hard,train,16,0.1863
6006,easy,train,17,0.0822
6008,medium,train,16,0.1877
6009,hard,train,86,0.0422
601,medium,train,44,0.255
6013,medium,train,13,0.166
6014,medium,train,10,0.2659
6015,medium,train,13,0.097
6017,hard,train,35,0.0721
6018,medium,train,26,0.1247
6019,medium,train,17,0.2924
6020,medium,train,68,0.0645
6022,easy,train,34,0.0578
6023,hard,train,25,0.2382
6024,easy,train,89,0.2354
6025,medium,train,16,0.1929
6026,hard,dev,28,0.3228
6027,easy,train,15,0.0624
6029,medium,train,18,0.0693
603,easy,train,88,0.187
6030,medium,train,11,0.2333
6032,easy,train,35,0.0211
6033,hard,train,13,0.2109
6034,hard,train,24,0.2744
6035,easy,train,20,0.2364
6037,hard,train,31,0.0703
6039,hard,train,53,0.0742
6041,easy,train,12,0.0838
6042,easy,train,24,0.0748
6044,hard,dev,20,0.3093
6050,easy,train,17,0.2776
6051,hard,train,13,0.1908
6053,medium,train,23,0.0654
6054,hard,train,26,0.2679
6055,medium,train,16,0.1
6057,easy,train,29,0.0689
6059,medium,train,42,0.0852
606,medium,train,29,0.1793
6060,medium,train,40,0.0566
6061,hard,train,60,0.0689
6062,easy,train,9,0.2108
6069,medium,test,108,0.0828
6070,medium,train,36,0.0586
6071,hard,train,40,0.0401
6073,medium,train,14,0.2728
6074,medium,train,47,0.0656
6078,medium,train,31,0.2625
6087,easy,train,11,0.0893
6088,hard,train,22,0.0609
6089,hard,train,15,0.0714
609,medium,train,18,0.2788
6095,easy,train,16,0.1906
6096,medium,test,23,0.2704
6097,medium,train,16,0.0596
6099,hard,train,42,0.1215
610,medium,train,21,0.1945
6101,medium,train,30,0.1331
6104,medium,train,27,0.0848
6105,hard,train,13,0.192
6106,hard,train,11,0.1943
6107,medium,train,21,0.1917
6111,hard,train,27,0.1838
6114,hard,train,64,0.0579
6119,easy,test,32,0.1551
6121,hard,train,57,0.0601
6122,medium,train,39,0.2615
6124,easy,train,32,0.0548
6126,medium,train,33,0.0587
6127,hard,train,34,0.0637
6128,medium,train,14,0.1076
613,hard,test,16,0.1958
6130,medium,train,8,0.1901
6131,medium,test,11,0.0546
6132,medium,train,34,0.0679
6135,medium,train,21,0.1069
6138,easy,train,5,0.1989
6140,medium,train,26,0.0697
6147,hard,train,37,0.1265
6148,hard,test,16,0.1942
6149,medium,train,9,0.2194
615,easy,train,12,0.2839
6150,medium,train,14,0.1874
6152,medium,train,25,0.0705
6154,medium,train,14,0.0804
6155,medium,train,27,0.2697
6160,medium,train,55,0.0668
6163,medium,train,33,0.0617
6165,medium,train,15,0.0905
6174,medium,train,20,0.0938
6180,easy,test,21,0.0678
6181,medium,train,64,0.1436
6183,medium,train,17,0.2363
6184,easy,train,54,0.128
6185,hard,train,30,0.0729
6186,medium,train,40,0.0691
6188,hard,train,19,0.2766
6190,medium,train,33,0.076
6192,easy,train,10,0.044
6195,medium,train,30,0.069
6196,hard,train,28,0.0611
6199,hard,train,30,0.0301
6200,medium,train,22,0.0942
6203,medium,train,18,0.2778
6204,easy,train,7,0.0997
6205,easy,train,28,0.0624
6208,easy,train,21,0.0793
621,medium,train,16,0.0963
6210,medium,train,18,0.0669
6212,easy,train,13,0.213
622,easy,train,38,0.0729
6220,medium,train,50,0.0552
6222,medium,train,9,0.2995
6223,hard,train,16,0.2701
6225,medium,train,31,0.2567
6227,hard,train,29,0.043
6229,hard,train,12,0.2649
623,hard,train,5,0.2018
6232,medium,train,24,0.1861
6233,medium,train,20,0.141
6234,medium,train,14,0.2805
6235,medium,train,22,0.0739
6237,medium,train,29,0.0952
6238,easy,train,32,0.0722
6239,hard,train,28,0.0666
624,medium,train,27,0.072
6241,medium,train,69,0.157
6244,hard,train,20,0.1869
6252,medium,train,8,0.2822
6254,easy,train,41,0.1415
6257,medium,train,118,0.0571
6259,easy,train,30,0.1627
6260,medium,train,20,0.0731
6261,medium,train,15,0.0833
6262,medium,train,15,0.128
6263,medium,train,19,0.1844
6264,hard,train,43,0.0725
6265,easy,train,17,0.1852
6267,medium,train,32,0.0396
6268,hard,train,14,0.0816
6269,hard,train,28,0.0595
6271,medium,train,16,0.0366
6272,medium,train,32,0.2635
6275,hard,train,44,0.0555
6276,medium,train,18,0.2716
6277,medium,train,22,0.0673
6278,easy,train,28,0.1822
628,medium,train,49,0.0637
6280,hard,train,36,0.0783
6281,medium,train,42,0.0345
6284,medium,train,46,0.07
6285,medium,train,30,0.0654
6286,medium,train,30,0.0603
6287,easy,train,11,0.1827
629,medium,train,80,0.0644
6291,easy,train,15,0.1124
6292,hard,train,29,0.0837
6293,medium,train,18,0.0474
6294,medium,train,37,0.2111
6295,medium,train,26,0.0686
6296,hard,train,36,0.0742
6297,hard,train,58,0.0849
6298,medium,train,23,0.0551
6299,hard,train,10,0.2159
6301,medium,train,65,0.1863
6302,medium,train,33,0.0758
6304,hard,train,29,0.2691
6305,medium,train,30,0.0715
6306,easy,test,67,0.0565
6307,medium,train,30,0.0549
6308,easy,train,10,0.1951
6309,medium,train,79,0.0665
631,hard,train,41,0.0561
6310,hard,train,48,0.26
6311,easy,train,22,0.0575
6321,medium,train,21,0.1882
6324,medium,train,22,0.0684
6327,medium,train,13,0.1871
6329,medium,test,19,0.1816
633,medium,train,32,0.0794
6330,hard,train,21,0.06
6336,medium,train,7,0.2079
634,medium,train,32,0.0803
6341,medium,train,9,0.1744
6345,medium,train,21,0.1474
6346,hard,train,42,0.0526
6351,hard,train,63,0.0766
6352,medium,train,20,0.1868
6353,hard,train,14,0.2694
6354,medium,train,17,0.1982
6355,hard,train,32,0.08
6357,hard,train,47,0.0544
6359,hard,train,22,0.0674
636,medium,train,15,0.0583
6364,medium,train,22,0.2313
6365,hard,train,35,0.2694
6366,medium,train,31,0.0797
6368,easy,train,28,0.0829
6369,hard,train,19,0.19
637,medium,train,44,0.0577
6370,easy,train,27,0.0743
6371,easy,train,7,0.2755
6373,easy,train,19,0.0962
6376,easy,train,29,0.0946
6380,easy,train,11,0.1891
6381,medium,train,22,0.0769
6382,hard,train,14,0.1976
6383,hard,train,58,0.0513
641,hard,train,7,0.0222
642,medium,train,12,0.1985
644,medium,train,42,0.0584
645,easy,train,23,0.064
651,medium,train,28,0.1851
654,medium,train,31,0.1063
655,medium,train,43,0.0743
657,medium,train,54,0.0741
659,easy,train,63,0.1268
660,medium,train,24,0.0674
661,hard,train,19,0.0924
662,easy,train,27,0.2624
663,hard,train,23,0.0512
664,medium,train,45,0.1836
667,medium,train,48,0.0952
669,hard,train,74,0.183
67,medium,train,29,0.0562
671,medium,test,29,0.0818
672,easy,train,32,0.0586
673,hard,test,24,0.1757
674,medium,test,20,0.1735
679,easy,train,32,0.0669
68,easy,train,19,0.0881
684,medium,train,25,0.0681
685,medium,train,30,0.0643
69,easy,train,20,0.0705
691,medium,train,45,0.0595
692,hard,train,40,0.2623
699,medium,train,41,0.0883
7,medium,train,24,0.1122
70,medium,train,39,0.0671
704,medium,train,25,0.2702
706,hard,test,42,0.0509
708,easy,train,35,0.1531
710,hard,test,8,0.1736
711,hard,train,50,0.0648
712,hard,train,8,0.2831
713,medium,train,14,0.19
716,easy,train,21,0.0792
72,medium,train,17,0.2082
722,medium,train,56,0.0966
723,hard,train,6,0.2618
725,medium,train,61,0.148
726,medium,train,18,0.0804
727,medium,train,14,0.1223
729,easy,train,38,0.0666
734,hard,train,44,0.0688
736,hard,train,23,0.2618
737,medium,train,34,0.0828
738,easy,train,26,0.2769
74,easy,train,30,0.0749
740,hard,train,17,0.0693
741,medium,train,52,0.1079
742,medium,train,38,0.0728
744,medium,train,17,0.0604
746,medium,train,17,0.0754
747,easy,test,10,0.0686
749,easy,train,20,0.0567
75,medium,train,43,0.0687
751,hard,train,48,0.0652
753,easy,train,12,0.0636
754,medium,train,21,0.2807
756,easy,train,27,0.0779
757,easy,test,28,0.0798
759,medium,train,12,0.2011
760,easy,test,15,0.2615
765,medium,train,87,0.0626
766,medium,train,14,0.2717
768,medium,train,21,0.0511
77,hard,train,21,0.0367
770,easy,train,8,0.0828
772,hard,train,28,0.0695
773,easy,train,29,0.0618
777,medium,train,84,0.0507
778,easy,train,14,0.2079
779,hard,train,57,0.064
78,easy,train,12,0.1997
781,easy,train,24,0.0726
783,medium,train,33,0.0575
784,medium,train,32,0.2699
786,easy,train,11,0.2616
787,medium,train,22,0.2783
790,easy,train,9,0.098
792,hard,train,20,0.1447
794,hard,train,20,0.0621
795,hard,train,36,0.1317
798,easy,train,15,0.2872
799,medium,train,25,0.1854
800,medium,train,24,0.0644
801,medium,test,34,0.2546
804,hard,train,13,0.1852
805,medium,train,17,0.1816
809,medium,train,31,0.2483
812,easy,train,34,0.0716
814,medium,train,55,0.0605
816,medium,test,32,0.0512
818,medium,train,112,0.0671
819,medium,train,26,0.0656
820,easy,train,21,0.1883
822,medium,train,50,0.0637
823,medium,train,16,0.2061
827,medium,train,19,0.0588
829,medium,train,9,0.2103
83,hard,train,43,0.0588
831,medium,train,23,0.0668
832,medium,train,24,0.1841
835,medium,train,15,0.0509
838,hard,train,13,0.1977
840,easy,train,20,0.2669
841,hard,train,26,0.0564
842,medium,train,10,0.2002
843,hard,train,50,0.0547
844,hard,train,70,0.1816
845,easy,train,7,0.1612
847,medium,train,44,0.0582
850,medium,train,11,0.2883
853,medium,train,18,0.1493
857,hard,train,21,0.2279
859,medium,train,63,0.0625
860,easy,train,16,0.0664
863,hard,train,23,0.2706
866,medium,train,29,0.1472
868,easy,train,18,0.1552
869,easy,train,100,0.0575
872,medium,train,66,0.0681
877,hard,train,6,0.2039
88,medium,train,28,0.1786
881,easy,train,12,0.0916
885,easy,train,64,0.0637
886,hard,train,56,0.0573
888,easy,test,8,0.273
889,easy,train,19,0.2734
894,easy,train,12,0.0767
895,easy,train,7,0.2324
9,hard,train,10,0.2602
904,hard,train,24,0.1748
905,medium,test,13,0.2144
914,hard,train,11,0.2677
915,easy,test,12,0.2976
917,medium,train,39,0.0571
920,hard,train,47,0.1313
922,medium,train,19,0.0822
923,hard,train,16,0.2666
925,easy,train,10,0.0589
926,easy,train,17,0.0396
927,medium,train,24,0.2595
928,medium,train,33,0.2703
929,medium,train,25,0.2746
93,medium,train,8,0.0818
933,medium,train,20,0.0992
934,medium,train,17,0.2908
935,medium,train,21,0.2818
937,hard,test,42,0.0566
940,medium,train,14,0.0879
941,hard,train,13,0.1902
943,easy,train,9,0.2725
946,medium,train,16,0.1047
947,hard,train,36,0.0568
949,medium,train,22,0.0584
952,easy,train,13,0.0921
953,medium,train,40,0.2631
958,medium,train,19,0.0592
959,hard,train,27,0.0575
961,medium,train,14,0.19
962,hard,train,16,0.1914
963,hard,train,55,0.061
965,hard,train,21,0.2441
967,medium,train,15,0.0757
969,medium,train,46,0.1414
97,medium,train,27,0.0734
972,medium,train,30,0.0625
975,hard,train,51,0.1775
976,medium,train,43,0.0537
981,medium,train,15,0.1988
982,hard,train,14,0.1916
983,medium,train,32,0.0848
985,medium,train,50,0.0469
986,hard,train,42,0.058
988,medium,train,23,0.0675
989,easy,train,9,0.2745
990,medium,train,30,0.0458
993,hard,train,13,0.0834
995,easy,train,30,0.0672
997,easy,train,11,0.2489
998,medium,test,38,0.2716
999,medium,train,19,0.2748
